Id,Label,modularity_class,indegree,outdegree,Degree,Eccentricity,closnesscentrality,harmonicclosnesscentrality,betweenesscentrality,pageranks
1149875459502403584,Mizzumono,0,0,1,1,1,1,1,0,0.000227
3004551331,tanganbelang_tb,0,840,0,840,0,0,0,0,0.159967
546056887,hangrydsaster,0,0,1,1,1,1,1,0,0.000227
124693421,dhiraap,0,0,1,1,1,1,1,0,0.000227
1563588514159005698,sielynnee,0,0,1,1,1,1,1,0,0.000227
894837626,miftahfaizal,0,0,1,1,1,1,1,0,0.000227
1303890122123796481,9syarafina,0,0,1,1,1,1,1,0,0.000227
131457219,yourLAYdy,0,0,1,1,1,1,1,0,0.000227
1004731929768312832,minamin2403,0,0,1,1,1,1,1,0,0.000227
142629492,Irfanhanief,0,0,1,1,1,1,1,0,0.000227
457186892,nutrisariroti,0,0,1,1,1,1,1,0,0.000227
380826077,LMFAIQ,0,0,1,1,1,1,1,0,0.000227
1315265879681056768,catismpus,0,0,1,1,1,1,1,0,0.000227
1724901794,bunyday,0,0,1,1,1,1,1,0,0.000227
548852505,ynprdn,0,0,1,1,1,1,1,0,0.000227
932229521574473728,gracieux39tje,0,0,1,1,1,1,1,0,0.000227
204635974,tripeldabelyuu,0,0,1,1,1,1,1,0,0.000227
1139153703569567744,adamfrmnsyh_,0,0,1,1,1,1,1,0,0.000227
1093217690817196032,emellyaaaa,0,0,1,1,1,1,1,0,0.000227
496656819,Vjejays,0,0,1,1,1,1,1,0,0.000227
1251655913104003072,sweetdelight96,0,0,1,1,1,1,1,0,0.000227
4116713114,AbangKyle,0,0,1,1,1,1,1,0,0.000227
1210186951808053248,cheolbbyuwu,0,0,1,1,1,1,1,0,0.000227
2235559375,dherianutama,0,0,1,1,1,1,1,0,0.000227
1246213581181292544,maurinayunda,0,0,1,1,1,1,1,0,0.000227
1040885236500815872,medelinegn,0,0,1,1,1,1,1,0,0.000227
379006716,aflahaft,0,0,1,1,1,1,1,0,0.000227
1018159213833416704,sevistys,0,0,1,1,1,1,1,0,0.000227
1390206642453585921,wuups,0,0,1,1,1,1,1,0,0.000227
2278584020,akuntamvan,0,0,1,1,1,1,1,0,0.000227
279948496,Rioooo23,0,0,1,1,1,1,1,0,0.000227
89759494,LuqmanAwalludin,0,0,1,1,1,1,1,0,0.000227
1263492367551590400,miyakokakoki,0,0,1,1,1,1,1,0,0.000227
822581292,shintacil,0,0,1,1,1,1,1,0,0.000227
3301800598,staxees_,0,0,1,1,1,1,1,0,0.000227
108608900,syafqz,0,0,1,1,1,1,1,0,0.000227
1136839530403622912,jefritegaar,0,0,1,1,1,1,1,0,0.000227
149676107,tujuhrupa,0,0,1,1,1,1,1,0,0.000227
131780641,Karachmatoni,0,0,1,1,1,1,1,0,0.000227
1539440819555291137,evebuckleeey,0,0,1,1,1,1,1,0,0.000227
1499565968674099201,Mondieu91,0,0,1,1,1,1,1,0,0.000227
61207307,vankribo,0,0,1,1,1,1,1,0,0.000227
2272534752,ay_afr,0,0,1,1,1,1,1,0,0.000227
94319587,mbaksoksibuk,0,0,1,1,1,1,1,0,0.000227
87642328,donedudat,0,0,1,1,1,1,1,0,0.000227
1434208972857249794,JosylynneX,0,0,1,1,1,1,1,0,0.000227
1328301227923316741,bisabigwinyuk10,0,0,1,1,1,1,1,0,0.000227
416109768,Eto_Kawaii,0,0,1,1,1,1,1,0,0.000227
451946754,s_wildan97,0,0,1,1,1,1,1,0,0.000227
438893848,licik,0,0,1,1,1,1,1,0,0.000227
297893262,chronikaruth,0,0,1,1,1,1,1,0,0.000227
73368287,nisapuspita,0,0,1,1,1,1,1,0,0.000227
2998398091,moonpixiesss,0,0,1,1,1,1,1,0,0.000227
745625880060256256,jamilnih,0,0,1,1,1,1,1,0,0.000227
116600716,PermanaHandy15,0,0,1,1,1,1,1,0,0.000227
1192753943039725571,bertrandleimena,0,0,1,1,1,1,1,0,0.000227
438237820,disuruhganti,0,0,1,1,1,1,1,0,0.000227
756048280975388672,HiDarl__,0,0,1,1,1,1,1,0,0.000227
290950962,Arfisha,0,0,1,1,1,1,1,0,0.000227
1077563197735849984,sayananta,0,0,1,1,1,1,1,0,0.000227
1430348328848400390,roseliacream,0,0,1,1,1,1,1,0,0.000227
1236706708098969600,brengsekiih,0,0,1,1,1,1,1,0,0.000227
951520309,fuad_prtmaa,0,0,1,1,1,1,1,0,0.000227
870909075717996545,second_sunrisee,0,0,1,1,1,1,1,0,0.000227
871702011611402244,FullsunMantul,0,0,1,1,1,1,1,0,0.000227
107961900,raplip,0,0,1,1,1,1,1,0,0.000227
816280298916757504,annaf0ra,0,0,1,1,1,1,1,0,0.000227
2159971574,idungskuitwot,0,0,1,1,1,1,1,0,0.000227
455772236,biskuatcoklad,137,0,1,1,1,1,1,0,0.000227
1004702557053190146,therealbetjanda,137,503,0,503,0,0,0,0,0.095703
1248904174487519234,fanwonpil,0,0,1,1,1,1,1,0,0.000227
1101901876881059841,runasworld,0,0,1,1,1,1,1,0,0.000227
1571153761871204352,niiiiisaaaaaa8,0,0,1,1,1,1,1,0,0.000227
981065560954781696,gyuzantap,0,0,1,1,1,1,1,0,0.000227
265863071,ilhammrizki,0,0,1,1,1,1,1,0,0.000227
1498653348320673793,monterounoolil,137,0,1,1,1,1,1,0,0.000227
282786689,irusyaddo,0,0,1,1,1,1,1,0,0.000227
904417264975220736,notmugglle,0,0,1,1,1,1,1,0,0.000227
1538571883591127040,RubbyCarly355,0,0,1,1,1,1,1,0,0.000227
3182546317,fjrffds,0,0,1,1,1,1,1,0,0.000227
286017633,Fardyantoo,0,0,1,1,1,1,1,0,0.000227
154526333,_derra,0,0,1,1,1,1,1,0,0.000227
1620346957,iniiieko,0,0,1,1,1,1,1,0,0.000227
1348992866559741955,vyndagnir,0,0,1,1,1,1,1,0,0.000227
1008595763234988032,ninanursita,0,0,1,1,1,1,1,0,0.000227
1933173720,AkhRomadloni,0,0,1,1,1,1,1,0,0.000227
1089086756438171648,d_ddabluueh,0,0,1,1,1,1,1,0,0.000227
1042276790356500480,malstersist,0,0,1,1,1,1,1,0,0.000227
826309273617526785,bukanakunkpops,0,0,1,1,1,1,1,0,0.000227
97870701,y0nglim,0,0,1,1,1,1,1,0,0.000227
343955777,cryptoluck13,0,0,1,1,1,1,1,0,0.000227
1306789897257115649,namanyathiul,0,0,1,1,1,1,1,0,0.000227
1520918414,m_gibral,0,0,1,1,1,1,1,0,0.000227
83410092,rayshaeca,0,0,1,1,1,1,1,0,0.000227
634357396,sahnajaa,137,0,1,1,1,1,1,0,0.000227
196903679,twinkleliltstar,0,0,1,1,1,1,1,0,0.000227
81589844,bininyasojun,0,0,1,1,1,1,1,0,0.000227
1475334334286426114,ngemiforlife,0,0,1,1,1,1,1,0,0.000227
1176744081151553536,rawi_la,0,0,1,1,1,1,1,0,0.000227
547370176,levideale,0,0,1,1,1,1,1,0,0.000227
1081992675778191360,Eunha_archieve,0,0,1,1,1,1,1,0,0.000227
310109994,wildansyhrn,0,0,1,1,1,1,1,0,0.000227
1204864051,rozid_sagadaqu,0,0,1,1,1,1,1,0,0.000227
1121810046151577611,Mr_Ladusingh,0,0,1,1,1,1,1,0,0.000227
463364334,dimpillll,0,0,1,1,1,1,1,0,0.000227
901838935747215360,achmadsyah_ruby,0,0,1,1,1,1,1,0,0.000227
1026284617983127552,jkstllwu,0,0,1,1,1,1,1,0,0.000227
1510107448731836423,senxrv,137,0,1,1,1,1,1,0,0.000227
1528392444186095617,kakiyowo,0,0,1,1,1,1,1,0,0.000227
1569247189746196481,Giornovi,137,0,1,1,1,1,1,0,0.000227
883815889648275456,menangiez,0,0,1,1,1,1,1,0,0.000227
162312630,fauzan_aolindar,0,0,1,1,1,1,1,0,0.000227
382539558,savitricha,0,0,1,1,1,1,1,0,0.000227
1193254742337581056,kakangip,0,0,1,1,1,1,1,0,0.000227
1580184012181512193,sabilber,0,0,1,1,1,1,1,0,0.000227
885080428847259648,muzaqn,0,0,1,1,1,1,1,0,0.000227
1468806456342310913,cherrytomatoin,0,0,1,1,1,1,1,0,0.000227
1510730355745067008,mykiyowo,0,0,1,1,1,1,1,0,0.000227
1489045940484788227,viennayz,0,0,1,1,1,1,1,0,0.000227
63728536,terryaprils,164,0,2,2,1,1,1,0,0.000227
1500159326,Almightycapt,0,0,1,1,1,1,1,0,0.000227
860503899244969984,l0u1n2a9r,0,0,1,1,1,1,1,0,0.000227
3281755328,moremoremoreriz,0,0,1,1,1,1,1,0,0.000227
149003020,valentinneputri,0,0,1,1,1,1,1,0,0.000227
3259658101,trinidongz,0,0,1,1,1,1,1,0,0.000227
1010691048689922049,bocilrandom_,137,0,2,2,1,1,1,0,0.000227
1517913947533307904,kxflw___,0,0,1,1,1,1,1,0,0.000227
528980053,stitch26_,0,0,1,1,1,1,1,0,0.000227
1104926199875133440,wiguksaram,0,0,1,1,1,1,1,0,0.000227
1300781671076081664,ajeng_yudia,0,0,1,1,1,1,1,0,0.000227
1136074322039136256,inyonghaseyoo,0,0,1,1,1,1,1,0,0.000227
1317934730,ericleiws,0,0,1,1,1,1,1,0,0.000227
1415034792781877250,flyhlcy,0,0,1,1,1,1,1,0,0.000227
253034866,___Zulhanafi,0,0,1,1,1,1,1,0,0.000227
227552088,perdanaraditov,0,0,1,1,1,1,1,0,0.000227
175574045,apayanamanyaaa,0,0,1,1,1,1,1,0,0.000227
132958335,jpsatrio,0,0,1,1,1,1,1,0,0.000227
1498432742,kheiji,0,0,1,1,1,1,1,0,0.000227
111233093,SenaAryananda,0,0,1,1,1,1,1,0,0.000227
1001648731618455555,jaeilT_T,0,0,1,1,1,1,1,0,0.000227
374523990,feldyyy_,0,0,1,1,1,1,1,0,0.000227
1419579527521472512,jalursetapak,0,0,1,1,1,1,1,0,0.000227
1554767047376404480,sleeebeeww,0,0,1,1,1,1,1,0,0.000227
1494634218638684163,jaeminnyi,0,0,1,1,1,1,1,0,0.000227
610915732,Kresnaji_,137,0,1,1,1,1,1,0,0.000227
1478506307250499591,temwaram,0,0,1,1,1,1,1,0,0.000227
1341036558904750081,sunbin_eyes,0,0,1,1,1,1,1,0,0.000227
1565599974968430592,therabpy,0,0,1,1,1,1,1,0,0.000227
1856814769,iyaudahgapapa_,137,0,1,1,1,1,1,0,0.000227
1247996978421620737,ObatPertama,0,0,1,1,1,1,1,0,0.000227
1495638970645893124,GRajakelana,0,0,1,1,1,1,1,0,0.000227
1128097516577124352,_chijeugimbap,0,0,1,1,1,1,1,0,0.000227
248117780,monicafeby,0,0,1,1,1,1,1,0,0.000227
1114387583692226562,AtmajaNiti,0,0,1,1,1,1,1,0,0.000227
815410183425835008,starrychoux,0,0,1,1,1,1,1,0,0.000227
152171777,yaudahlayadin,0,0,1,1,1,1,1,0,0.000227
205492611,MuchlisSetiaji,0,0,1,1,1,1,1,0,0.000227
1042021328692183040,diheraaa,0,0,1,1,1,1,1,0,0.000227
95136625,jumpblanks,137,0,1,1,1,1,1,0,0.000227
143561319,jgufsal,0,0,1,1,1,1,1,0,0.000227
761513120,nichotelo,0,0,1,1,1,1,1,0,0.000227
60601072,aull_udell,0,0,1,1,1,1,1,0,0.000227
1571941182,bogumagic,0,0,1,1,1,1,1,0,0.000227
845509648224403456,Dika76595557,0,0,1,1,1,1,1,0,0.000227
3159177858,aeongiexx_,0,0,1,1,1,1,1,0,0.000227
826702608660172801,kmlapuri_,0,0,1,1,1,1,1,0,0.000227
1240454058067939328,lumeadr,137,0,2,2,1,1,1,0,0.000227
1138639153405366273,brtiar,0,0,1,1,1,1,1,0,0.000227
176019769,dhilahNjm,0,0,1,1,1,1,1,0,0.000227
1500561234508541952,cecep_abcd,0,0,1,1,1,1,1,0,0.000227
1254546735784816640,ps4249725259,0,0,1,1,1,1,1,0,0.000227
1218833467082850304,isxthar,0,0,1,1,1,1,1,0,0.000227
1486965347496333317,noirealm,0,0,1,1,1,1,1,0,0.000227
1265860646878367744,raxtih,0,0,1,1,1,1,1,0,0.000227
24360820,ricovespasprint,0,0,1,1,1,1,1,0,0.000227
1657675585,IniNamaAkun_,0,0,1,1,1,1,1,0,0.000227
937195274,iamgading,0,0,1,1,1,1,1,0,0.000227
1003162235538006016,ravenclowner,0,0,1,1,1,1,1,0,0.000227
994571157377445888,sandre_yeef,0,0,1,1,1,1,1,0,0.000227
1079332089424531459,siIverqueenr,0,0,1,1,1,1,1,0,0.000227
231728200,muh_kamaludin,0,0,1,1,1,1,1,0,0.000227
1069392566926303233,alauddinUUD,0,0,1,1,1,1,1,0,0.000227
1266729394963283971,hanxmae,0,0,1,1,1,1,1,0,0.000227
103570989,bardiq,0,0,1,1,1,1,1,0,0.000227
83571649,SIMPLEPAP,0,0,1,1,1,1,1,0,0.000227
1193610392,ika_sbramantya,0,0,1,1,1,1,1,0,0.000227
1515642469966544900,kohitadanomi,0,0,1,1,1,1,1,0,0.000227
1315937827750772736,duhpgntidur,0,0,1,1,1,1,1,0,0.000227
1480241826,rtficiall_,137,0,1,1,1,1,1,0,0.000227
1052097901986439169,exitedtofu,0,0,1,1,1,1,1,0,0.000227
2356031600,raniongz,0,0,1,1,1,1,1,0,0.000227
1144782611723591681,kayoungiw,0,0,1,1,1,1,1,0,0.000227
163079605,axoraid,0,0,1,1,1,1,1,0,0.000227
2262846889,tetehseulgi_,0,0,1,1,1,1,1,0,0.000227
1325101272626733057,cooncealer_,0,0,1,1,1,1,1,0,0.000227
1353846816,asongasonk,137,0,1,1,1,1,1,0,0.000227
1302594912035074048,moushiwakeBYE,0,0,1,1,1,1,1,0,0.000227
160210697,silvermoon0808,0,0,1,1,1,1,1,0,0.000227
1166310467779719168,holyshut21,0,0,1,1,1,1,1,0,0.000227
146473466,dhikAJA,0,0,1,1,1,1,1,0,0.000227
1136120274875703297,ranningawayyy,0,0,1,1,1,1,1,0,0.000227
1566934415095132160,nathanaeltio,0,0,1,1,1,1,1,0,0.000227
58099826,yoyok_cendol,0,0,1,1,1,1,1,0,0.000227
827773187651883008,madebysunshine7,0,0,1,1,1,1,1,0,0.000227
1061236271652102144,fxxxurs,0,0,1,1,1,1,1,0,0.000227
4662305532,Sanraitoo,0,0,1,1,1,1,1,0,0.000227
779591657532461056,sukanasipecel,0,0,1,1,1,1,1,0,0.000227
1669415858,bayuapriansya96,0,0,1,1,1,1,1,0,0.000227
2194457024,STRIP22,0,0,1,1,1,1,1,0,0.000227
1073902096322256897,ichaansh,0,0,1,1,1,1,1,0,0.000227
1379031566244974595,sireleons,0,0,1,1,1,1,1,0,0.000227
1502469488599797761,Kararayu,0,0,1,1,1,1,1,0,0.000227
1573177130900258816,avocrydo,0,0,1,1,1,1,1,0,0.000227
1167963794263293952,tilanissia,0,0,1,1,1,1,1,0,0.000227
1296341093278130176,sawikohl,0,0,1,1,1,1,1,0,0.000227
744430117112287232,Nacha_rinn,0,0,1,1,1,1,1,0,0.000227
499418166,ivandwisandra,0,0,1,1,1,1,1,0,0.000227
1542145800737792006,lemonskuash,0,0,1,1,1,1,1,0,0.000227
1149139150127259650,menjadipatrick,0,0,1,1,1,1,1,0,0.000227
1076442954577801217,wxndxfh_,0,0,1,1,1,1,1,0,0.000227
1208081693715787776,_underrpressure,0,0,1,1,1,1,1,0,0.000227
103753576,jeremiacaesar,0,0,1,1,1,1,1,0,0.000227
1531584979188449281,rahmaniseee,0,0,1,1,1,1,1,0,0.000227
2259874477,helemperoyek,0,0,1,1,1,1,1,0,0.000227
1038738560,almaasnurmadina,0,0,1,1,1,1,1,0,0.000227
377315206,meftafitri,0,0,1,1,1,1,1,0,0.000227
255391339,ApietHafizh,0,0,1,1,1,1,1,0,0.000227
1484021218680655873,pepegaartsy,0,0,1,1,1,1,1,0,0.000227
1226689097625817090,ijlifi,0,0,1,1,1,1,1,0,0.000227
1375684048270467077,rachelerinaa,0,0,1,1,1,1,1,0,0.000227
1215434333718106112,haedhey,0,0,1,1,1,1,1,0,0.000227
1293197499340005377,detzoit,0,0,1,1,1,1,1,0,0.000227
1143411403836911616,boutterfIies,0,0,1,1,1,1,1,0,0.000227
70077729,sssambattt,0,0,1,1,1,1,1,0,0.000227
1303983991351988224,JustFrascher,0,0,1,1,1,1,1,0,0.000227
1447389645210193921,kiyoranara,0,0,1,1,1,1,1,0,0.000227
232563672,kataceking,0,0,1,1,1,1,1,0,0.000227
715524025426923520,daniel_osckardo,0,0,1,1,1,1,1,0,0.000227
62822491,BetterThanShit,0,0,1,1,1,1,1,0,0.000227
1180398590507675648,laminotlame,0,0,1,1,1,1,1,0,0.000227
66905101,aldryandimas,0,0,1,1,1,1,1,0,0.000227
1448080308,strike_bravo_b,0,0,1,1,1,1,1,0,0.000227
507321046,irachmann,0,0,1,1,1,1,1,0,0.000227
811436655051608064,konyolberontak,137,0,1,1,1,1,1,0,0.000227
128866615,Abd_Chaniago,0,0,1,1,1,1,1,0,0.000227
103502194,inyonkjm,0,0,1,1,1,1,1,0,0.000227
1197484876619907072,mauludin_dzikri,0,0,1,1,1,1,1,0,0.000227
240694278,ejaojojo,0,0,1,1,1,1,1,0,0.000227
849788781565665280,lambenoona,0,0,1,1,1,1,1,0,0.000227
983334770892419072,nisasftr,0,0,1,1,1,1,1,0,0.000227
219202687,opomenehhhhh,0,0,1,1,1,1,1,0,0.000227
1280399827117862912,jaemini0n,0,0,1,1,1,1,1,0,0.000227
1545002823665872897,tdywinss,0,0,1,1,1,1,1,0,0.000227
1347189363046694916,AnL9z,0,0,1,1,1,1,1,0,0.000227
1466767979736014850,emzetef_mk3,0,0,1,1,1,1,1,0,0.000227
1047463939666149376,cipanpan,0,0,1,1,1,1,1,0,0.000227
723597247,rjannsh,0,0,1,1,1,1,1,0,0.000227
561982173,halomochicat,0,0,1,1,1,1,1,0,0.000227
575068212,Dee_Ann_Rose,0,0,1,1,1,1,1,0,0.000227
1068704853550018560,caramelauchiato,0,0,1,1,1,1,1,0,0.000227
1238865949421236224,peacygloomy_,137,0,2,2,1,1,1,0,0.000227
554942958,InaSaptiani,0,0,1,1,1,1,1,0,0.000227
1180664453127294976,chickenskewersy,0,0,1,1,1,1,1,0,0.000227
238860947,flufvyoong,0,0,1,1,1,1,1,0,0.000227
4496597054,amengiaw,0,0,1,1,1,1,1,0,0.000227
71277240,nina_aretha,0,0,1,1,1,1,1,0,0.000227
1412378918955356160,spemcial,0,0,1,1,1,1,1,0,0.000227
290992484,DiDiDon_,0,0,1,1,1,1,1,0,0.000227
250231469,angeunlada,0,0,1,1,1,1,1,0,0.000227
70077506,arievlavczczki,0,0,1,1,1,1,1,0,0.000227
1298558078053310464,htuxwk,0,0,1,1,1,1,1,0,0.000227
878127031,trpsichorpe,0,0,1,1,1,1,1,0,0.000227
813067495401627648,kminiberdosabgt,0,0,1,1,1,1,1,0,0.000227
1299949602494230528,yourlvrs,0,0,1,1,1,1,1,0,0.000227
1156522390211268609,Yuppimphii,0,0,1,1,1,1,1,0,0.000227
1165560097,MurtyMahendra,0,0,1,1,1,1,1,0,0.000227
599702879,homo_sapi3n,0,0,1,1,1,1,1,0,0.000227
1500626850351321089,bolo_tole,0,0,1,1,1,1,1,0,0.000227
1541448024115019776,RichGlow2,0,0,1,1,1,1,1,0,0.000227
2322114679,rompis__,0,0,1,1,1,1,1,0,0.000227
1183252386044768256,altaleyta,0,0,1,1,1,1,1,0,0.000227
158646565,rahardianrd,0,0,1,1,1,1,1,0,0.000227
1288689400730157056,yjxva,0,0,1,1,1,1,1,0,0.000227
1253139824,maspongki_,0,0,1,1,1,1,1,0,0.000227
796352834,dimasenno,0,0,1,1,1,1,1,0,0.000227
454574259,wildanAuliaH,0,0,1,1,1,1,1,0,0.000227
1407298446017454084,nuet_note,0,0,1,1,1,1,1,0,0.000227
82577062,ratna_n,0,0,1,1,1,1,1,0,0.000227
1035891421,unstableprs,0,0,1,1,1,1,1,0,0.000227
235013091,aendeerye,137,0,1,1,1,1,1,0,0.000227
181095267,RR_Rizky,0,0,1,1,1,1,1,0,0.000227
1242970764891942912,Nikkontol,137,0,1,1,1,1,1,0,0.000227
966741000080117760,tartagIiac,0,0,1,1,1,1,1,0,0.000227
1445104255,Upio_89,137,0,2,2,1,1,1,0,0.000227
1247186912554536961,taehyunyie,0,0,1,1,1,1,1,0,0.000227
824532332,Tambalannn,0,0,1,1,1,1,1,0,0.000227
2607267206,PaulBoetar,0,0,1,1,1,1,1,0,0.000227
369307187,rezzashin,0,0,1,1,1,1,1,0,0.000227
1539266505270960128,grrrlv,137,0,2,2,1,1,1,0,0.000227
2304693108,Taufik_WahyuD,137,0,1,1,1,1,1,0,0.000227
1567005279547695106,zeuwra,0,0,1,1,1,1,1,0,0.000227
2697537900,pixuie,0,0,1,1,1,1,1,0,0.000227
1173923248251129857,aariesgutl,0,0,1,1,1,1,1,0,0.000227
1206334310581538817,suckrific3,137,0,1,1,1,1,1,0,0.000227
1097872958402392065,elzioral,0,0,1,1,1,1,1,0,0.000227
1062840155516493824,aishindeiru,0,0,1,1,1,1,1,0,0.000227
1243783851081469952,alicegiveslove,0,0,1,1,1,1,1,0,0.000227
43489070,cryptgreg,0,0,1,1,1,1,1,0,0.000227
914432641146904576,yourefaves,0,0,1,1,1,1,1,0,0.000227
458109953,itangwbsn_,137,0,1,1,1,1,1,0,0.000227
3930868764,Hamka_haq33,137,0,1,1,1,1,1,0,0.000227
2413699753,Kindex_RMadrid,0,0,1,1,1,1,1,0,0.000227
1487632740279209984,youfindmels,0,0,1,1,1,1,1,0,0.000227
154575367,amepocchi,0,0,1,1,1,1,1,0,0.000227
1418942462039576588,sneezingegg,0,0,1,1,1,1,1,0,0.000227
544396872,frispita,0,0,1,1,1,1,1,0,0.000227
44308150,rasyiqahs,0,0,1,1,1,1,1,0,0.000227
1067722010078281728,akarsserabut,0,0,1,1,1,1,1,0,0.000227
1120979201002053633,_____csh,0,0,1,1,1,1,1,0,0.000227
122228823,mazpermadi,137,0,1,1,1,1,1,0,0.000227
52316653,ingoesan,0,0,1,1,1,1,1,0,0.000227
631744516,syarif1945,0,0,1,1,1,1,1,0,0.000227
410170776,aidanarhaz,0,0,1,1,1,1,1,0,0.000227
835221544548745216,dayudwiii,0,0,1,1,1,1,1,0,0.000227
205640275,siscatanpaeee,137,0,1,1,1,1,1,0,0.000227
813593511744282624,GuiliAnemoBoy,0,0,1,1,1,1,1,0,0.000227
185561623,B001_Captain,137,0,1,1,1,1,1,0,0.000227
789007549,Bumi9802,0,0,1,1,1,1,1,0,0.000227
1279303966992396288,todayischrysant,0,0,1,1,1,1,1,0,0.000227
570413858,rikifebriy,0,0,1,1,1,1,1,0,0.000227
267529009,naomihiranuma,0,0,1,1,1,1,1,0,0.000227
1386629451291656192,Watermyelon,0,0,1,1,1,1,1,0,0.000227
112417401,Taufiqantai,0,0,1,1,1,1,1,0,0.000227
1448105282182262785,black8to1,0,0,1,1,1,1,1,0,0.000227
1272922628815073281,sesuai_akun,137,0,2,2,1,1,1,0,0.000227
742422211,AF16001,0,0,1,1,1,1,1,0,0.000227
4812782526,mikaelisme,0,0,1,1,1,1,1,0,0.000227
99388020,efremheri,0,0,1,1,1,1,1,0,0.000227
2921098381,taypinchan,0,0,1,1,1,1,1,0,0.000227
410335474,haikal_mf,0,0,1,1,1,1,1,0,0.000227
922161459676684288,jumppenguin93,0,0,1,1,1,1,1,0,0.000227
1261874081986572289,moucaccyno,0,0,1,1,1,1,1,0,0.000227
1075719499620311046,jisungwadon,0,0,1,1,1,1,1,0,0.000227
72010402,adiwaru,137,0,1,1,1,1,1,0,0.000227
231340469,Jessi_Satria,0,0,1,1,1,1,1,0,0.000227
234660059,githaSPputri,0,0,1,1,1,1,1,0,0.000227
100731353,BenisMind,0,0,1,1,1,1,1,0,0.000227
109530998,Arifineyusuf,0,0,1,1,1,1,1,0,0.000227
1198008276627050496,panggilNicoL,137,0,1,1,1,1,1,0,0.000227
2184200894,iyadehhiyaa,0,0,1,1,1,1,1,0,0.000227
328853506,hrdypmngks,0,0,1,1,1,1,1,0,0.000227
1209558411215392768,ridemepIease,137,0,1,1,1,1,1,0,0.000227
106679323,LamriaMS,0,0,1,1,1,1,1,0,0.000227
133209088,iikaazz,0,0,1,1,1,1,1,0,0.000227
971307821915664384,muhbagir_,0,0,1,1,1,1,1,0,0.000227
46845138,akbardimassp,0,0,1,1,1,1,1,0,0.000227
1911173527,meidiantorifki,0,0,1,1,1,1,1,0,0.000227
111770866,Arthur_XII,0,0,1,1,1,1,1,0,0.000227
568964155,Petrus_Inc,137,0,1,1,1,1,1,0,0.000227
1171220409015918592,FaedahPagi,0,0,1,1,1,1,1,0,0.000227
1223026948286238720,baaoobei,0,0,1,1,1,1,1,0,0.000227
911389650,JamalTalabani,0,0,1,1,1,1,1,0,0.000227
1337399945444278273,schrtrt__,0,0,1,1,1,1,1,0,0.000227
100005511,Iapetitecherry,0,0,1,1,1,1,1,0,0.000227
1636617492,Iwan_angkasawan,0,0,1,1,1,1,1,0,0.000227
1188096314304630786,bakpiaduren,0,0,1,1,1,1,1,0,0.000227
1510270965896613894,waklingthrough,0,0,1,1,1,1,1,0,0.000227
1249577619810476032,sipalingdimi,0,0,1,1,1,1,1,0,0.000227
226041063,pjmproducer,0,0,1,1,1,1,1,0,0.000227
806050234098860032,sumaru90,0,0,1,1,1,1,1,0,0.000227
129445938,geger_dyky,0,0,1,1,1,1,1,0,0.000227
3064756628,mochaar15,0,0,1,1,1,1,1,0,0.000227
1064421796563349504,under1nfluence,137,0,1,1,1,1,1,0,0.000227
434136217,diazfalih,0,0,1,1,1,1,1,0,0.000227
525226243,diduniatiputipu,0,0,1,1,1,1,1,0,0.000227
81111296,arimacheda,137,0,1,1,1,1,1,0,0.000227
1293423577778118656,jisungchenleo,0,0,1,1,1,1,1,0,0.000227
883689372633006085,tekarion_,0,0,1,1,1,1,1,0,0.000227
3326201252,yawdasihh,0,0,1,1,1,1,1,0,0.000227
135967120,alloytarung,0,0,1,1,1,1,1,0,0.000227
1567057959137734657,IndriSulami,0,0,1,1,1,1,1,0,0.000227
1088656060615843841,dmsbrg,0,0,1,1,1,1,1,0,0.000227
1384786976168054789,andromedaaa8,0,0,1,1,1,1,1,0,0.000227
1444071888817295364,p0isonedroze,137,0,1,1,1,1,1,0,0.000227
1127500848911638529,vnmncr,0,0,1,1,1,1,1,0,0.000227
360942029,ektanabee,137,0,1,1,1,1,1,0,0.000227
967680967363080192,galonaqva,0,0,1,1,1,1,1,0,0.000227
2989316122,yourmagicshell,137,0,1,1,1,1,1,0,0.000227
1449412556,beyondexpect_,0,0,1,1,1,1,1,0,0.000227
1077403915803549697,ralleydaes,0,0,1,1,1,1,1,0,0.000227
361676297,zazaaaw,0,0,1,1,1,1,1,0,0.000227
134678377,rioakbar20,0,0,1,1,1,1,1,0,0.000227
570197015,ordonkukuq,0,0,1,1,1,1,1,0,0.000227
1440128301092118528,strawbewylocone,0,0,1,1,1,1,1,0,0.000227
1083711987266183168,skinnythotiana,0,0,1,1,1,1,1,0,0.000227
1351527660,maysasoe,0,0,1,1,1,1,1,0,0.000227
1493613760753410048,fleurmoonrise,0,0,1,1,1,1,1,0,0.000227
1384920582878236676,tokislokisaa,137,0,2,2,1,1,1,0,0.000227
1179354323223863296,cimoryhazelnut_,0,0,1,1,1,1,1,0,0.000227
1313721890209320960,urbloodstream,0,0,1,1,1,1,1,0,0.000227
1215157110184411136,sasalele18,0,0,1,1,1,1,1,0,0.000227
1037954207662260224,kocustgnichh,0,0,1,1,1,1,1,0,0.000227
1148572505327542273,donatbeku,0,0,1,1,1,1,1,0,0.000227
1007011028448636928,wasbornateight,0,0,1,1,1,1,1,0,0.000227
1440178780216049672,Jonathan__2445,0,0,1,1,1,1,1,0,0.000227
1215323534085378049,tigersvantaee,0,0,1,1,1,1,1,0,0.000227
362959831,yudhawiguna,0,0,1,1,1,1,1,0,0.000227
710013708,gempurbayu,0,0,1,1,1,1,1,0,0.000227
254468723,aburraihan,0,0,1,1,1,1,1,0,0.000227
1467148971416043524,dzhrl16,0,0,1,1,1,1,1,0,0.000227
1485753984,fasfashan,0,0,1,1,1,1,1,0,0.000227
1141829615444324352,Farhaaan___,0,0,1,1,1,1,1,0,0.000227
1028654829982212096,cryji_,0,0,1,1,1,1,1,0,0.000227
1528395945762689024,Yukimimaste,137,0,1,1,1,1,1,0,0.000227
797083166896836608,arkxrkra,0,0,1,1,1,1,1,0,0.000227
300062955,fionalyaa,0,0,1,1,1,1,1,0,0.000227
1007920993,GirlMakeMeFat,0,0,1,1,1,1,1,0,0.000227
953453903680385024,bgsbgstbgt,0,0,1,1,1,1,1,0,0.000227
296732884,abumajid__,0,0,1,1,1,1,1,0,0.000227
1191682940402454528,definingsadness,0,0,1,1,1,1,1,0,0.000227
1013783127158734849,lifliflif0,0,0,1,1,1,1,1,0,0.000227
1259965113743769601,esseberryppp,0,0,1,1,1,1,1,0,0.000227
927793095885840384,Rasyid042,137,0,1,1,1,1,1,0,0.000227
606352814,dean_momotaro,0,0,1,1,1,1,1,0,0.000227
104126622,kdekayu,0,0,1,1,1,1,1,0,0.000227
1173860849213009920,akubelumbahagia,137,0,1,1,1,1,1,0,0.000227
1202144456675168256,viikengyu,0,0,1,1,1,1,1,0,0.000227
160883559,M_A_F02,0,0,1,1,1,1,1,0,0.000227
2200623072,rnrze,0,0,1,1,1,1,1,0,0.000227
1252159241965588481,fakeassseojiwoo,0,0,1,1,1,1,1,0,0.000227
85280823,bigbim69,0,0,1,1,1,1,1,0,0.000227
4681208486,hyunchassng,0,0,1,1,1,1,1,0,0.000227
1326183238688100357,sparkstaete,0,0,1,1,1,1,1,0,0.000227
1362635815990403072,menteri_catur,137,0,1,1,1,1,1,0,0.000227
417430014,IkkoHaidar,0,0,1,1,1,1,1,0,0.000227
873330827622535168,southpernova,0,0,1,1,1,1,1,0,0.000227
1242346597368778753,nadyalagibosen,0,0,1,1,1,1,1,0,0.000227
2259770978,MaxTaaa,0,0,1,1,1,1,1,0,0.000227
1564417787577085954,m1n9yu_k1m,0,0,1,1,1,1,1,0,0.000227
1465170332751302659,uwistory21,0,0,1,1,1,1,1,0,0.000227
2529316400,Laysrasaseaweed,0,0,1,1,1,1,1,0,0.000227
3233001642,Dennythereds_,0,0,1,1,1,1,1,0,0.000227
1468765075175477248,rachietaffy,0,0,1,1,1,1,1,0,0.000227
40139028,FaizMunandar,0,0,1,1,1,1,1,0,0.000227
267559368,ellnvsr,137,0,1,1,1,1,1,0,0.000227
1550854739079749637,satpambandara,137,0,1,1,1,1,1,0,0.000227
1144542491770646529,lisor9,0,0,1,1,1,1,1,0,0.000227
1333196669865771009,needstaeil,0,0,1,1,1,1,1,0,0.000227
2833696435,ruffisill,0,0,1,1,1,1,1,0,0.000227
410690851,teguhastawan,137,0,1,1,1,1,1,0,0.000227
1216489877224620032,nggn16_,0,0,1,1,1,1,1,0,0.000227
162345975,WhiesaD,0,0,1,1,1,1,1,0,0.000227
151761549,tariganathan,0,0,1,1,1,1,1,0,0.000227
595163548,ling_2490,0,0,1,1,1,1,1,0,0.000227
1401086952942706690,nctrngrl,0,0,1,1,1,1,1,0,0.000227
1057892749519638528,scriptswittt,137,0,1,1,1,1,1,0,0.000227
169348731,the_congi,0,0,1,1,1,1,1,0,0.000227
2757520112,moyyaaa_,0,0,1,1,1,1,1,0,0.000227
18452347,pungkas___,0,0,1,1,1,1,1,0,0.000227
1141156350992379904,Jidoonggg,0,0,1,1,1,1,1,0,0.000227
1684455776,atletkuliner,137,0,1,1,1,1,1,0,0.000227
100749322,nurulrahmi_a,0,0,1,1,1,1,1,0,0.000227
800593777,gustinuagungg,137,0,1,1,1,1,1,0,0.000227
239793771,WLdhn7,137,0,1,1,1,1,1,0,0.000227
532069717,shelpiiiiiii,0,0,1,1,1,1,1,0,0.000227
1272313856904228864,micubebi,0,0,1,1,1,1,1,0,0.000227
386535196,Curryyramenn,137,0,1,1,1,1,1,0,0.000227
1563819181753376768,MMania2002,0,0,1,1,1,1,1,0,0.000227
702548576,agammuhammadd,0,0,1,1,1,1,1,0,0.000227
1326501013591764992,_bambangaries,0,0,1,1,1,1,1,0,0.000227
367594499,imapuspitatr,0,0,1,1,1,1,1,0,0.000227
456545242,chrstophorus,137,0,1,1,1,1,1,0,0.000227
975013551877189632,snitchefy,137,0,2,2,1,1,1,0,0.000227
1161253392292831232,Rayhankbkb,137,0,1,1,1,1,1,0,0.000227
161590320,yogierpe,0,0,1,1,1,1,1,0,0.000227
1472222662831136775,amrcnlesswth,137,0,1,1,1,1,1,0,0.000227
328873664,fhazzh,137,0,1,1,1,1,1,0,0.000227
859791677686415360,coldbrewwww_,137,0,1,1,1,1,1,0,0.000227
1014630995016835073,ngabsekudddd,0,0,1,1,1,1,1,0,0.000227
1198171000107483136,yedamiec,0,0,1,1,1,1,1,0,0.000227
1318392291006967808,izan45017209,0,0,1,1,1,1,1,0,0.000227
1093660592001302529,pipahh007,0,0,1,1,1,1,1,0,0.000227
770269594820878336,genta_yuda,0,0,1,1,1,1,1,0,0.000227
373688797,ignasuck,137,0,1,1,1,1,1,0,0.000227
1389442751800832003,AEizuki,0,0,1,1,1,1,1,0,0.000227
1290468384916877312,yowessssrasah,0,0,1,1,1,1,1,0,0.000227
945625236,killedbybears,0,0,1,1,1,1,1,0,0.000227
2769896036,0niia________,0,0,1,1,1,1,1,0,0.000227
943038195377119232,risolisisayur,137,0,1,1,1,1,1,0,0.000227
377354957,RhsX16191,0,0,1,1,1,1,1,0,0.000227
39460647,moodymoodlover,0,0,1,1,1,1,1,0,0.000227
1504133265539551235,Vipinkkl,0,0,1,1,1,1,1,0,0.000227
1191310405664047105,udahhcapee,0,0,1,1,1,1,1,0,0.000227
1085546470516785152,PetiteAsianLady,0,0,1,1,1,1,1,0,0.000227
1481273604503633926,Rahmad3Rahmad,0,0,1,1,1,1,1,0,0.000227
2945331031,qypopq,0,0,1,1,1,1,1,0,0.000227
1139463581496274949,babypikachuuuw,0,0,1,1,1,1,1,0,0.000227
1547976503459459072,sad_oohdreii,0,0,1,1,1,1,1,0,0.000227
1346214629802971140,aiinochikara,0,0,1,1,1,1,1,0,0.000227
2168057431,nekonery,0,0,1,1,1,1,1,0,0.000227
1249493047596814336,planettttmarsss,137,0,1,1,1,1,1,0,0.000227
1405165591288188930,salmakerenbgt,0,0,1,1,1,1,1,0,0.000227
137943270,Bimands22,0,0,1,1,1,1,1,0,0.000227
769917421721231363,onedayonewoo,0,0,1,1,1,1,1,0,0.000227
1239899124540928000,agmsyhr,0,0,1,1,1,1,1,0,0.000227
235802032,zenasays,0,0,1,1,1,1,1,0,0.000227
719892216064450561,daunmuda__,137,0,1,1,1,1,1,0,0.000227
326559530,Anggadextrous,0,0,1,1,1,1,1,0,0.000227
1143375552142700544,wwinwwon,0,0,1,1,1,1,1,0,0.000227
475762611,papinyabiri,0,0,1,1,1,1,1,0,0.000227
471974280,ririnphz,0,0,1,1,1,1,1,0,0.000227
929782944423493632,sipalingpahan,137,0,1,1,1,1,1,0,0.000227
1069217412585684992,shangheuk,137,0,1,1,1,1,1,0,0.000227
287770348,niyyyyyta,0,0,1,1,1,1,1,0,0.000227
1123742657577197570,wrdsnw,137,0,1,1,1,1,1,0,0.000227
982967066876559362,BukanAraAra,0,0,1,1,1,1,1,0,0.000227
94922504,RamaEgar,137,0,1,1,1,1,1,0,0.000227
127515909,subsatanz,0,0,1,1,1,1,1,0,0.000227
2244017575,wahyaauu,0,0,1,1,1,1,1,0,0.000227
1209330424469549056,Spring_cRusheu,0,0,1,1,1,1,1,0,0.000227
209435330,dinazizahh,0,0,1,1,1,1,1,0,0.000227
1141326806257033217,idleidled,0,0,1,1,1,1,1,0,0.000227
2956941351,seoleluna,0,0,1,1,1,1,1,0,0.000227
1562459630394978308,hot_world64,0,0,1,1,1,1,1,0,0.000227
1165292011638755328,jesuisensorce,0,0,1,1,1,1,1,0,0.000227
1444373781611380739,blackoshh,0,0,1,1,1,1,1,0,0.000227
181016223,Nandaradiani,0,0,1,1,1,1,1,0,0.000227
65591484,AZikriF,0,0,1,1,1,1,1,0,0.000227
312122461,icalbhimaa,0,0,1,1,1,1,1,0,0.000227
4475073194,dinsdinss,0,0,1,1,1,1,1,0,0.000227
141843389,bukananakomplek,0,0,1,1,1,1,1,0,0.000227
1204474476,aindahsetyawati,0,0,1,1,1,1,1,0,0.000227
165368419,ExcelJosaphine,137,0,1,1,1,1,1,0,0.000227
54817064,putridwir,0,0,1,1,1,1,1,0,0.000227
985805627355152385,doraeamontok,0,0,1,1,1,1,1,0,0.000227
1493212137678061573,ReactFli,0,0,1,1,1,1,1,0,0.000227
446763338,frischanandaa,0,0,1,1,1,1,1,0,0.000227
990962683,greentteaaa,0,0,1,1,1,1,1,0,0.000227
1224241251945336832,Spionkiriii2,137,0,1,1,1,1,1,0,0.000227
1029645415,sugehduwik,0,0,1,1,1,1,1,0,0.000227
1573142433155624961,rickyronald_,0,0,1,1,1,1,1,0,0.000227
1474142983368757248,firstdamned,0,0,1,1,1,1,1,0,0.000227
77170761,Nugraharief_,0,0,1,1,1,1,1,0,0.000227
91339141,r_qash,0,0,1,1,1,1,1,0,0.000227
2298531373,Ambil2Bayar1,0,0,1,1,1,1,1,0,0.000227
1065161568973815808,bucinclaude,0,0,1,1,1,1,1,0,0.000227
1214168932128415744,sukmaguna12,0,0,1,1,1,1,1,0,0.000227
1355960509049106433,kayzrsze,0,0,1,1,1,1,1,0,0.000227
909632148964962304,serevanx,0,0,1,1,1,1,1,0,0.000227
1042045727097143307,KEMO_HUNZ,0,0,1,1,1,1,1,0,0.000227
1446655616873684994,morrkiew,0,0,1,1,1,1,1,0,0.000227
1530921297621839872,Min99yu_kim,0,0,1,1,1,1,1,0,0.000227
997329007027732480,fluoxetan,0,0,1,1,1,1,1,0,0.000227
83322788,holycitttt,0,0,1,1,1,1,1,0,0.000227
225905823,khrlakbrr,0,0,1,1,1,1,1,0,0.000227
2438067223,nervanard,0,0,1,1,1,1,1,0,0.000227
2885113564,kntngrngg,0,0,1,1,1,1,1,0,0.000227
107400863,kyumiracle,0,0,1,1,1,1,1,0,0.000227
234342482,ubnux,0,0,1,1,1,1,1,0,0.000227
200428032,ratnaepw,0,0,1,1,1,1,1,0,0.000227
464436009,andhy_ds,0,0,1,1,1,1,1,0,0.000227
201650385,bethylahpea,0,0,1,1,1,1,1,0,0.000227
1883132125,yogastorow,0,0,1,1,1,1,1,0,0.000227
365291377,adeldarma,0,0,1,1,1,1,1,0,0.000227
446142868,luvfluoxetin,0,0,1,1,1,1,1,0,0.000227
1099555408962740224,MahardhikaOkky,0,0,1,1,1,1,1,0,0.000227
882154675,xialiing,0,0,1,1,1,1,1,0,0.000227
465514262,rheizabarker,0,0,1,1,1,1,1,0,0.000227
1071939638242111488,scaleta_,0,0,1,1,1,1,1,0,0.000227
1430830760072679425,rustyorcalir,0,0,1,1,1,1,1,0,0.000227
305463741,tqeguh,0,0,1,1,1,1,1,0,0.000227
1038804087096061953,nodistaim,0,0,1,1,1,1,1,0,0.000227
281872424,sadewastrike,0,0,1,1,1,1,1,0,0.000227
1015316039733637121,indomansija,137,0,1,1,1,1,1,0,0.000227
940257931395702784,thxarchie,137,0,1,1,1,1,1,0,0.000227
1144618195812093952,chocoomuffins,0,0,1,1,1,1,1,0,0.000227
1297727876985364481,mine_ajp,0,0,1,1,1,1,1,0,0.000227
351096671,mncagustiany,137,0,1,1,1,1,1,0,0.000227
1013435316848418817,meowtallicaaa,137,0,1,1,1,1,1,0,0.000227
748405147299000320,chrrzq,137,0,1,1,1,1,1,0,0.000227
1558998240829194241,Haririris1,0,0,1,1,1,1,1,0,0.000227
1101390941242351616,modulkehidupan,0,0,1,1,1,1,1,0,0.000227
2892720189,LeeseoT___T,0,0,1,1,1,1,1,0,0.000227
2469387601,HadiTaufiq1,0,0,1,1,1,1,1,0,0.000227
1015592917073735683,fantashiit,0,0,1,1,1,1,1,0,0.000227
264856198,enigmanations,0,0,1,1,1,1,1,0,0.000227
1010568972909940736,semerdekakusaja,137,0,1,1,1,1,1,0,0.000227
1100023195816448000,damareindra,0,0,1,1,1,1,1,0,0.000227
1043775442816139264,Eileithiiaries,0,0,1,1,1,1,1,0,0.000227
241821658,yohanesaries_,137,0,2,2,1,1,1,0,0.000227
741736476774260737,GarfieldMonk23,0,0,1,1,1,1,1,0,0.000227
826705622,vikriaaa_,0,0,1,1,1,1,1,0,0.000227
1090842481220931584,ceperiahaha,0,0,1,1,1,1,1,0,0.000227
533375856,dvehoomdxn,137,0,1,1,1,1,1,0,0.000227
961908953985703936,happinessspell,0,0,1,1,1,1,1,0,0.000227
58457630,bulepanthers,137,0,1,1,1,1,1,0,0.000227
865544628451196928,serenecalmsea,137,0,1,1,1,1,1,0,0.000227
369449130,loysiusss,137,0,1,1,1,1,1,0,0.000227
771510707540021248,dawamusabbih,137,0,1,1,1,1,1,0,0.000227
294190795,kendydanangp,0,0,1,1,1,1,1,0,0.000227
600165560,pisceanxs,0,0,1,1,1,1,1,0,0.000227
179548451,ttsneg,0,0,1,1,1,1,1,0,0.000227
876933589,iqbalfdil,0,0,1,1,1,1,1,0,0.000227
973460024914685952,aduskeramas,137,0,1,1,1,1,1,0,0.000227
76925000,revahahaha,0,0,1,1,1,1,1,0,0.000227
1502166577004703746,dogswhisker,0,0,1,1,1,1,1,0,0.000227
1209089069055012865,akiramadou,0,0,1,1,1,1,1,0,0.000227
1319688261535592450,pakbandar,0,0,1,1,1,1,1,0,0.000227
1489759135331598337,bae_ayangto,0,0,1,1,1,1,1,0,0.000227
122869466,pencuritimun,137,0,1,1,1,1,1,0,0.000227
978357093840314368,awywdh,137,0,1,1,1,1,1,0,0.000227
1860118698,josekusuma,137,0,1,1,1,1,1,0,0.000227
1316589102,muliasori1,0,0,1,1,1,1,1,0,0.000227
1468517934582870017,vprcject,0,0,1,1,1,1,1,0,0.000227
795212345911848960,addictivebae,137,0,1,1,1,1,1,0,0.000227
1576929316839251968,ye__wezt,0,0,1,1,1,1,1,0,0.000227
207497425,yhnzss,0,0,1,1,1,1,1,0,0.000227
262030088,piraaawx,0,0,1,1,1,1,1,0,0.000227
1362690608054243333,TifaniFani9,0,0,1,1,1,1,1,0,0.000227
1078357923141582848,winnerstarlight,0,0,1,1,1,1,1,0,0.000227
1364935178,winseoblue,0,0,1,1,1,1,1,0,0.000227
1317478346763104258,nominlah,0,0,1,1,1,1,1,0,0.000227
860552282370326529,whoisvann,0,0,1,1,1,1,1,0,0.000227
618010266,allifatihah,137,0,1,1,1,1,1,0,0.000227
1434192365875466240,krimigyu,0,0,1,1,1,1,1,0,0.000227
1250748800571867142,fazmaaaa,0,0,1,1,1,1,1,0,0.000227
1573945151944204289,ayuksilavana89,0,0,1,1,1,1,1,0,0.000227
193329338,evandwizra,137,0,1,1,1,1,1,0,0.000227
132780355,nadaayyyyy,0,0,1,1,1,1,1,0,0.000227
1354428090454220801,hereverie,0,0,1,1,1,1,1,0,0.000227
98780126,veneerate,137,0,1,1,1,1,1,0,0.000227
2547856279,itsokaywae,137,0,1,1,1,1,1,0,0.000227
2276071832,LuthfiaQurani,0,0,1,1,1,1,1,0,0.000227
102993539,ArdiyanMA,0,0,1,1,1,1,1,0,0.000227
1175130883948339200,kempongnogo,0,0,1,1,1,1,1,0,0.000227
732764544,YusufYahyaa,137,0,1,1,1,1,1,0,0.000227
602003991,meydianawidyani,0,0,1,1,1,1,1,0,0.000227
75761149,ardianmalik,137,0,1,1,1,1,1,0,0.000227
123392534,kiromikrom,0,0,1,1,1,1,1,0,0.000227
377864877,xserotoninpils,137,0,1,1,1,1,1,0,0.000227
1157985174413402113,watanaze,0,0,1,1,1,1,1,0,0.000227
154746036,edwinsaputra15,137,0,1,1,1,1,1,0,0.000227
1338132184058580994,bucinmpinnn,0,0,1,1,1,1,1,0,0.000227
1179410757856837632,MahardikaMiftah,0,0,1,1,1,1,1,0,0.000227
66950043,rinaldisyam,137,0,1,1,1,1,1,0,0.000227
874770397,ayakhairiah_,137,0,1,1,1,1,1,0,0.000227
732826386,cookties,0,0,1,1,1,1,1,0,0.000227
292820835,nurmitaa,0,0,1,1,1,1,1,0,0.000227
1354391492,septemberendsss,137,0,1,1,1,1,1,0,0.000227
71471408,Lidyaph,0,0,1,1,1,1,1,0,0.000227
108023780,bayuarmanda,137,0,1,1,1,1,1,0,0.000227
1083098971868782592,brianfahrur,137,0,1,1,1,1,1,0,0.000227
1045780728577835008,iluvchatime,137,0,1,1,1,1,1,0,0.000227
80797218,ghazyalfarras,137,0,1,1,1,1,1,0,0.000227
1485623035277512708,bangkongkedul,137,0,1,1,1,1,1,0,0.000227
1476922247008845826,ylhabibati,137,0,1,1,1,1,1,0,0.000227
214032112,manuelmarsen,0,0,1,1,1,1,1,0,0.000227
991344140897075200,lalalardrari,0,0,1,1,1,1,1,0,0.000227
515104006,nazbuahnanaz,0,0,1,1,1,1,1,0,0.000227
1712128466,exfoliatedbrain,0,0,1,1,1,1,1,0,0.000227
99023619,vinseeeeen,0,0,1,1,1,1,1,0,0.000227
276067500,Andikacleosa,137,0,1,1,1,1,1,0,0.000227
1191654638572826629,forday_night,0,0,1,1,1,1,1,0,0.000227
164612716,nfrstmrng,137,0,1,1,1,1,1,0,0.000227
250188313,FCMaulana10,137,0,1,1,1,1,1,0,0.000227
177534333,yourdailyhoman,137,0,1,1,1,1,1,0,0.000227
1194463797227835393,adhicholil,137,0,1,1,1,1,1,0,0.000227
56081742,ISMINRHMA,0,0,1,1,1,1,1,0,0.000227
1243397719005122560,telorceplokecap,0,0,1,1,1,1,1,0,0.000227
1052020355605262336,taktabokin,137,0,1,1,1,1,1,0,0.000227
778275110,akuwu19,0,0,1,1,1,1,1,0,0.000227
2833297273,dodotrebel,137,0,1,1,1,1,1,0,0.000227
327258457,diahayuwl,0,0,1,1,1,1,1,0,0.000227
1045329330308505600,financecommitte,0,0,1,1,1,1,1,0,0.000227
128787154,cukadapur,137,0,1,1,1,1,1,0,0.000227
859109270,shelenite,0,0,1,1,1,1,1,0,0.000227
563897975,vypolarx,137,0,2,2,1,1,1,0,0.000227
1502920094128635906,NurulQo05605354,0,0,1,1,1,1,1,0,0.000227
260722761,elokpsp,0,0,1,1,1,1,1,0,0.000227
1561680670111383552,kembun666,137,0,1,1,1,1,1,0,0.000227
931008986463137792,riskaaxn,0,0,1,1,1,1,1,0,0.000227
95892931,confusedwater,0,0,1,1,1,1,1,0,0.000227
191689115,decchae,137,0,1,1,1,1,1,0,0.000227
1528149340115456000,roboddanjal,137,0,1,1,1,1,1,0,0.000227
1152976239495225345,sukmamickala,137,0,1,1,1,1,1,0,0.000227
2851981890,memet_setiyo,137,0,1,1,1,1,1,0,0.000227
1483260409859960832,Jhyun_och,0,0,1,1,1,1,1,0,0.000227
813729138661933061,stuckwithmie,137,0,1,1,1,1,1,0,0.000227
1575496917550702595,nevullare,137,0,1,1,1,1,1,0,0.000227
1068902515591135233,hyooo78,0,0,1,1,1,1,1,0,0.000227
122682815,alxfredrk,0,0,1,1,1,1,1,0,0.000227
1400850244212903944,mld_toni,137,0,2,2,1,1,1,0,0.000227
2516992200,lostinprdz,0,0,1,1,1,1,1,0,0.000227
1385534570162913289,killthekris,137,0,1,1,1,1,1,0,0.000227
1197324676554379264,idungsquidwerrt,0,0,1,1,1,1,1,0,0.000227
155778699,rollandtria,137,0,1,1,1,1,1,0,0.000227
1181144977222463489,detritivour,0,0,1,1,1,1,1,0,0.000227
862385478804283393,masteng_gaul,137,0,1,1,1,1,1,0,0.000227
1484479604622458887,Riani_Asian,137,0,1,1,1,1,1,0,0.000227
246233638,ryanzrach,137,0,1,1,1,1,1,0,0.000227
1940203279,lintan997,137,0,1,1,1,1,1,0,0.000227
19850331,vienym,0,0,1,1,1,1,1,0,0.000227
1274185250663358470,sep17kiddo,0,0,1,1,1,1,1,0,0.000227
1196036111677571072,auraaphrodita,0,0,1,1,1,1,1,0,0.000227
59386809,MakelaarDjitoe,137,0,1,1,1,1,1,0,0.000227
1062040963546148864,janganpengung,137,0,1,1,1,1,1,0,0.000227
721346363573678082,si_neko2,137,0,1,1,1,1,1,0,0.000227
498631145,hibaebee,0,0,1,1,1,1,1,0,0.000227
61848513,SP_ERMAn,137,0,1,1,1,1,1,0,0.000227
1325333580352925696,kelvinlokal,0,0,1,1,1,1,1,0,0.000227
72206731,theuglydaily,137,0,1,1,1,1,1,0,0.000227
309439856,elshanass,0,0,1,1,1,1,1,0,0.000227
1380523375370506241,deanram98,0,0,1,1,1,1,1,0,0.000227
1412123114473877506,xxxicaaurus,0,0,1,1,1,1,1,0,0.000227
810419143165886464,louisenadjib44,137,0,1,1,1,1,1,0,0.000227
1448657001576230914,subyektifitas,137,0,2,2,1,1,1,0,0.000227
135007758,inasakii_,0,0,1,1,1,1,1,0,0.000227
1148477025599885312,debsskyy,0,0,1,1,1,1,1,0,0.000227
3311735227,nizarbagasr,137,0,1,1,1,1,1,0,0.000227
1070272772880789505,O4O6PM__,0,0,1,1,1,1,1,0,0.000227
166941164,fabbree,137,0,1,1,1,1,1,0,0.000227
1041967767304298499,tokopaediiii,0,0,1,1,1,1,1,0,0.000227
1034968128113917953,chrollo_lucyf,137,0,1,1,1,1,1,0,0.000227
244016865,aldichristianlg,137,0,1,1,1,1,1,0,0.000227
3958299259,harudeaeru,0,0,1,1,1,1,1,0,0.000227
199991586,0x4EZH,137,0,1,1,1,1,1,0,0.000227
216942368,milikmasku,0,0,1,1,1,1,1,0,0.000227
1041019676,xjahez,137,0,1,1,1,1,1,0,0.000227
1303237488048136192,Lagemini1,137,0,1,1,1,1,1,0,0.000227
175981991,PUTRA_PANDHITA,0,0,1,1,1,1,1,0,0.000227
1263409141,Fathurrohman_12,137,0,1,1,1,1,1,0,0.000227
1190408020766801920,mrsimple6669,137,0,1,1,1,1,1,0,0.000227
1279906852533227522,marsvpilami666,137,0,1,1,1,1,1,0,0.000227
3300380646,COBAEINDRIDE,137,0,1,1,1,1,1,0,0.000227
275161273,faakkboii,0,0,1,1,1,1,1,0,0.000227
260166319,Megakurnia_m,0,0,1,1,1,1,1,0,0.000227
1135564807707418624,syhrnkus,0,0,1,1,1,1,1,0,0.000227
464283479,marimasbuahnaga,137,0,1,1,1,1,1,0,0.000227
1303721002468175874,Anakbaruuhuy,137,0,1,1,1,1,1,0,0.000227
131132280,mysupilami,137,0,1,1,1,1,1,0,0.000227
435510345,nadefghijklol,137,0,1,1,1,1,1,0,0.000227
2572362542,bisaberhasil,0,0,1,1,1,1,1,0,0.000227
869917385985110018,sn6tn,0,0,1,1,1,1,1,0,0.000227
186414752,romanadmiral,137,0,1,1,1,1,1,0,0.000227
54196218,sandyprasetya,137,0,1,1,1,1,1,0,0.000227
1116261326840446976,defyoara,0,0,1,1,1,1,1,0,0.000227
721636613617356801,tirekkecil,0,0,1,1,1,1,1,0,0.000227
93789559,bagasarrahman,137,0,1,1,1,1,1,0,0.000227
1060536869635600384,fujoshi232,0,0,1,1,1,1,1,0,0.000227
1049326058783137792,septohadibz,137,0,1,1,1,1,1,0,0.000227
1322490386644787200,sepertymaung,0,0,1,1,1,1,1,0,0.000227
950989837267423233,PromoEnjoyer,137,0,2,2,1,1,1,0,0.000227
1035549493347794944,ursoulitude,0,0,1,1,1,1,1,0,0.000227
815467890,ilhamnovryansah,137,0,1,1,1,1,1,0,0.000227
1542460052,_DedyKrnwn,137,0,1,1,1,1,1,0,0.000227
97652389,apaantuhrawr,137,0,1,1,1,1,1,0,0.000227
134423273,gooyudi,137,0,1,1,1,1,1,0,0.000227
1190615382735777793,creamepanda,137,0,1,1,1,1,1,0,0.000227
369228316,_BAYHEMOTH,137,0,1,1,1,1,1,0,0.000227
289218186,ojanajima,137,0,1,1,1,1,1,0,0.000227
1165654089767636992,fixxbar_,0,0,1,1,1,1,1,0,0.000227
831429292856741888,iforeseeu,0,0,1,1,1,1,1,0,0.000227
41284385,OBARAMA_,137,0,1,1,1,1,1,0,0.000227
479491094,biasapun,137,0,1,1,1,1,1,0,0.000227
1170318273730105347,jacb00l,137,0,1,1,1,1,1,0,0.000227
61190255,DanuPedrosa,137,0,1,1,1,1,1,0,0.000227
726653131694596096,indahadrr,0,0,1,1,1,1,1,0,0.000227
1053152721480540160,loolabic,137,0,1,1,1,1,1,0,0.000227
115103040,ivotye,137,0,1,1,1,1,1,0,0.000227
91798897,JohnFisher22,137,0,1,1,1,1,1,0,0.000227
2427620251,stefanusokky,137,0,1,1,1,1,1,0,0.000227
1233634869697081345,allyoucaneatya,0,0,1,1,1,1,1,0,0.000227
2303111846,Ahaymeng,137,0,1,1,1,1,1,0,0.000227
1239417324173545474,kohlbergpng,0,0,1,1,1,1,1,0,0.000227
1138806834326777856,thesimmmm,137,0,1,1,1,1,1,0,0.000227
1623294043,lalalarul,137,0,1,1,1,1,1,0,0.000227
525429787,avycvv,137,0,1,1,1,1,1,0,0.000227
244543165,tfqsatriow,137,0,1,1,1,1,1,0,0.000227
1112375772180692992,Zaakwarneming,137,0,1,1,1,1,1,0,0.000227
993571050569977858,yudantodd,137,0,1,1,1,1,1,0,0.000227
99888102,junitigapagi,0,0,1,1,1,1,1,0,0.000227
474691997,reyyzzaf,137,0,1,1,1,1,1,0,0.000227
1535444944801828865,ariesboys666,137,0,1,1,1,1,1,0,0.000227
1273127104092217344,cakrawalapudar,0,0,1,1,1,1,1,0,0.000227
1146801800,rendy_ricardo,137,0,1,1,1,1,1,0,0.000227
357544854,Ferdians_syah,137,0,2,2,1,1,1,0,0.000227
290416507,hannadyahee,0,0,1,1,1,1,1,0,0.000227
1808629076,anggamonnnn,137,0,1,1,1,1,1,0,0.000227
78259359,croissssan,0,0,1,1,1,1,1,0,0.000227
2395702912,Hamzahasss_,137,0,1,1,1,1,1,0,0.000227
946960368877780992,kwmmingyu,0,0,1,1,1,1,1,0,0.000227
289520697,urbubub,137,0,1,1,1,1,1,0,0.000227
120080398,rarardty,0,0,1,1,1,1,1,0,0.000227
1545808626362621959,NiningRodrigo,137,0,1,1,1,1,1,0,0.000227
1239646095304613888,alpiansipahutar,137,0,1,1,1,1,1,0,0.000227
520531698,jempolkajepit,137,0,1,1,1,1,1,0,0.000227
1076534989959745536,haltedepan__,0,0,1,1,1,1,1,0,0.000227
994717316318248960,Dilema_di,0,0,1,1,1,1,1,0,0.000227
1087712467759710208,lvprln,0,0,1,1,1,1,1,0,0.000227
28423185,GalihGieloof,137,0,1,1,1,1,1,0,0.000227
1237828095756734464,dhitobs,137,0,1,1,1,1,1,0,0.000227
821572567005728769,adalahiu,0,0,1,1,1,1,1,0,0.000227
449584481,Almaylifi,137,0,1,1,1,1,1,0,0.000227
85746543,ayudesy22,0,0,1,1,1,1,1,0,0.000227
62513898,_cing,0,0,1,1,1,1,1,0,0.000227
217814609,anaklandakk,0,0,1,1,1,1,1,0,0.000227
1091599222569283584,meave98,137,0,1,1,1,1,1,0,0.000227
1001089913503207425,pincesbear,137,0,1,1,1,1,1,0,0.000227
1288548668727951360,BotakCastello2,137,0,1,1,1,1,1,0,0.000227
464588997,Yannas27,137,0,1,1,1,1,1,0,0.000227
1271968123617333248,adnluvijon,0,0,1,1,1,1,1,0,0.000227
1099315679700738049,eatmylips,137,0,1,1,1,1,1,0,0.000227
1249458723153563648,cetarbuckss,0,0,1,1,1,1,1,0,0.000227
1379430102077906963,cryinmemes,0,0,1,1,1,1,1,0,0.000227
277979795,bukanchenbiasa,137,0,1,1,1,1,1,0,0.000227
613144263,KueLupis__,0,0,1,1,1,1,1,0,0.000227
162459435,ZETHWAROUW,137,0,1,1,1,1,1,0,0.000227
404611510,utamiwinanti,137,0,1,1,1,1,1,0,0.000227
738465553,kdivaalrst,0,0,1,1,1,1,1,0,0.000227
173439354,rafdilalubeen,137,0,1,1,1,1,1,0,0.000227
1145097194,Melodieanto,137,0,1,1,1,1,1,0,0.000227
516413814,kikifullboaster,137,0,1,1,1,1,1,0,0.000227
267178742,Yudaduy__,137,0,1,1,1,1,1,0,0.000227
457290835,YoanDepe,137,0,1,1,1,1,1,0,0.000227
1580583317183016961,sinto761,137,0,1,1,1,1,1,0,0.000227
3241909963,RoRenggo,137,0,1,1,1,1,1,0,0.000227
1268432569244229635,mztommygun,137,0,1,1,1,1,1,0,0.000227
942345056681304064,ragnvindt,0,0,1,1,1,1,1,0,0.000227
108251131,ANYudhp,137,0,1,1,1,1,1,0,0.000227
3244193953,cupliswala,0,0,1,1,1,1,1,0,0.000227
1059938893615706112,ryankodok_,137,0,1,1,1,1,1,0,0.000227
743807068738461696,smokoogi,0,0,1,1,1,1,1,0,0.000227
189897029,goodytucker,137,0,1,1,1,1,1,0,0.000227
1430428997607858181,peaachypiee,137,0,1,1,1,1,1,0,0.000227
2213964595,IrchasDS,137,0,1,1,1,1,1,0,0.000227
1309126584008347651,Sholehbgt1,137,0,1,1,1,1,1,0,0.000227
480562794,agnikahuripan,137,0,1,1,1,1,1,0,0.000227
601611305,pistoltamasya,137,0,1,1,1,1,1,0,0.000227
1141254078061658112,irwanhadisuryaa,137,0,1,1,1,1,1,0,0.000227
294658802,maspanitia,137,0,1,1,1,1,1,0,0.000227
584461048,BonaventuraWSH,137,0,1,1,1,1,1,0,0.000227
1330578058802126848,keyrinch,0,0,1,1,1,1,1,0,0.000227
1222872723145146368,Teguuuhr,137,0,1,1,1,1,1,0,0.000227
1574287619529224193,donquixote_95,137,0,1,1,1,1,1,0,0.000227
62461682,wargalocals,137,0,1,1,1,1,1,0,0.000227
803646260,imflovely,137,0,1,1,1,1,1,0,0.000227
1309037371,saporrz,137,0,1,1,1,1,1,0,0.000227
1396471241750372360,fckndopaminee,137,0,1,1,1,1,1,0,0.000227
1262497411391315968,greatgirl96,137,0,2,2,1,1,1,0,0.000227
1432256928852283397,ddonnyy_,137,0,1,1,1,1,1,0,0.000227
729317667430014977,radarkegilaan,137,0,1,1,1,1,1,0,0.000227
1575479981052162048,fakeman_4598,137,0,1,1,1,1,1,0,0.000227
251410604,Hardianto_AB,137,0,1,1,1,1,1,0,0.000227
1121014180230778882,Wahyuuuuuu_,0,0,1,1,1,1,1,0,0.000227
1173269638051840000,basgiIdhan,137,0,1,1,1,1,1,0,0.000227
853847217722933249,caprimorn,0,0,1,1,1,1,1,0,0.000227
710203502,noviaelmooo,0,0,1,1,1,1,1,0,0.000227
114121828,randiadip,137,0,1,1,1,1,1,0,0.000227
1891007744,sayadito,0,0,1,1,1,1,1,0,0.000227
547466673,ray_sulton,137,0,1,1,1,1,1,0,0.000227
225766645,veampiree,137,0,1,1,1,1,1,0,0.000227
1310178245069819904,aliahali79,0,0,1,1,1,1,1,0,0.000227
527025332,Casperbae_,137,0,1,1,1,1,1,0,0.000227
1034048928822382592,Kazukiseki7,0,0,1,1,1,1,1,0,0.000227
63941757,babapraba,137,0,1,1,1,1,1,0,0.000227
1106274194302500864,muhAjiFinaldi,137,0,1,1,1,1,1,0,0.000227
185273295,Piecemaker777,0,0,1,1,1,1,1,0,0.000227
890998624846401536,JagerStinks,137,0,1,1,1,1,1,0,0.000227
1262172462407512064,sempaknylempit,137,0,1,1,1,1,1,0,0.000227
1230556022902669319,aktorkehidupan_,137,0,1,1,1,1,1,0,0.000227
41265446,brfian4,137,0,1,1,1,1,1,0,0.000227
1281186619433705473,radityacially,137,0,1,1,1,1,1,0,0.000227
1031584398808731648,happiesztperson,137,0,1,1,1,1,1,0,0.000227
1319279766264934400,Joni71634740,137,0,1,1,1,1,1,0,0.000227
63731814,RzaL_AB,137,0,1,1,1,1,1,0,0.000227
122362972,ayapayaps,0,0,1,1,1,1,1,0,0.000227
2615493170,KataDannu,137,0,1,1,1,1,1,0,0.000227
526936256,Arnovi_,137,0,1,1,1,1,1,0,0.000227
847099410,bopaaaakk,137,0,1,1,1,1,1,0,0.000227
1225991208662528000,tarrystyle,0,0,1,1,1,1,1,0,0.000227
1318406058,pangge_s,137,0,1,1,1,1,1,0,0.000227
865933768514719744,kazamasei,0,0,1,1,1,1,1,0,0.000227
2323531830,dwiagus_03,137,0,1,1,1,1,1,0,0.000227
1256940622167986177,sipalingkentang,137,0,1,1,1,1,1,0,0.000227
264108324,cheolownsme,0,0,1,1,1,1,1,0,0.000227
1457474156270796800,Jansenparipurna,137,0,1,1,1,1,1,0,0.000227
3011889601,OLiPEUUU,137,0,1,1,1,1,1,0,0.000227
1517671002783633408,Babang6666,137,0,1,1,1,1,1,0,0.000227
898492129499938817,axlvioleett,137,0,1,1,1,1,1,0,0.000227
76612620,rexysa_,137,0,1,1,1,1,1,0,0.000227
1018542983346393091,wonderkid1992,137,0,1,1,1,1,1,0,0.000227
987654551686627328,_ludyalud,0,0,1,1,1,1,1,0,0.000227
1142771149245276160,HerwiTurba,137,0,1,1,1,1,1,0,0.000227
185626334,shobarizadi,0,0,1,1,1,1,1,0,0.000227
3013249952,pelpelanwangi,137,0,1,1,1,1,1,0,0.000227
77721083,lukisaepul,137,0,1,1,1,1,1,0,0.000227
1266922622383611906,urvirg0,0,0,1,1,1,1,1,0,0.000227
1150546485123022848,buronansijeki,0,0,1,1,1,1,1,0,0.000227
79708023,BayuRiantoP,137,0,1,1,1,1,1,0,0.000227
1534799961786703872,ArgusImmortal,137,0,1,1,1,1,1,0,0.000227
3296841685,hazuelnut,0,0,1,1,1,1,1,0,0.000227
1029181110129852416,dizisnotyours,0,0,1,1,1,1,1,0,0.000227
1311087779804139520,rnwesker7,137,0,1,1,1,1,1,0,0.000227
1376763478057226244,mogendut,0,0,1,1,1,1,1,0,0.000227
104459014,dheaaptrn,0,0,1,1,1,1,1,0,0.000227
601810310,alistevkcvs,137,0,1,1,1,1,1,0,0.000227
1040644790935666689,floureccent,0,0,1,1,1,1,1,0,0.000227
1361501106,hypermaxxxx,137,0,1,1,1,1,1,0,0.000227
1183042533061906432,mdykibhtr,137,0,1,1,1,1,1,0,0.000227
955540290,awakazmi,137,0,1,1,1,1,1,0,0.000227
1026786949191753728,twiternyarafi,0,0,1,1,1,1,1,0,0.000227
1127137400474324992,mmasbroto,137,0,1,1,1,1,1,0,0.000227
1229376458713223183,Kaefcisuperbes1,137,0,1,1,1,1,1,0,0.000227
1106799509529518080,sagitariyours,0,0,1,1,1,1,1,0,0.000227
142911803,dellamillatir,0,0,1,1,1,1,1,0,0.000227
1081987292334501888,ajipsss,137,0,1,1,1,1,1,0,0.000227
1184944106,marionr8,137,0,1,1,1,1,1,0,0.000227
1098117184960659456,indomeeee,137,0,1,1,1,1,1,0,0.000227
3393145220,shuamonrroll,0,0,1,1,1,1,1,0,0.000227
1248838226367754240,DekPaw,137,0,1,1,1,1,1,0,0.000227
1268246344142950400,livingliwavi,137,0,1,1,1,1,1,0,0.000227
1159719877046726656,ShidqiSubarkah,137,0,1,1,1,1,1,0,0.000227
1384362545905995778,AmadeaMargareth,0,0,1,1,1,1,1,0,0.000227
238530405,steadystatee,137,0,1,1,1,1,1,0,0.000227
346399129,ferlitasvtr,0,0,1,1,1,1,1,0,0.000227
941716697672704001,neIscn,137,0,1,1,1,1,1,0,0.000227
1322436745049239552,yaelahsulit,137,0,1,1,1,1,1,0,0.000227
2691440978,timah29,137,0,1,1,1,1,1,0,0.000227
1386355384391139328,egoismnbvc,137,0,1,1,1,1,1,0,0.000227
1492394128650346498,onjejey,0,0,1,1,1,1,1,0,0.000227
252012500,cepotnova,137,0,1,1,1,1,1,0,0.000227
3311930730,Si_Bisu_Teriak,137,0,1,1,1,1,1,0,0.000227
1643492888,dafaboii,137,0,1,1,1,1,1,0,0.000227
118264445,almaidaprd,0,0,1,1,1,1,1,0,0.000227
713940679500570624,damntrash,0,0,1,1,1,1,1,0,0.000227
748534747672903680,sinQper_cosQ,137,0,1,1,1,1,1,0,0.000227
4307771652,insectanjir,137,0,1,1,1,1,1,0,0.000227
156815776,voyezou,0,0,1,1,1,1,1,0,0.000227
1079438739582013441,agelsuryaputra,137,0,1,1,1,1,1,0,0.000227
1219024687595810817,xiakiw,137,0,1,1,1,1,1,0,0.000227
2294284872,adeknyehazard,137,0,1,1,1,1,1,0,0.000227
2215547179,15Bim_,137,0,1,1,1,1,1,0,0.000227
109476353,Shiba_Assuuu,0,0,1,1,1,1,1,0,0.000227
1267387278764072970,allboutyaya_,0,0,1,1,1,1,1,0,0.000227
357949728,hantsaplast,0,0,1,1,1,1,1,0,0.000227
354927053,dikrri,137,0,1,1,1,1,1,0,0.000227
502569304,ariisaboy,137,0,1,1,1,1,1,0,0.000227
1268803213,dekuts,137,0,1,1,1,1,1,0,0.000227
97600513,hahahasna_,0,0,1,1,1,1,1,0,0.000227
1101871568496422913,wickedcrowe,137,0,1,1,1,1,1,0,0.000227
439872861,thugtahulo,137,0,1,1,1,1,1,0,0.000227
1477566583790657536,haechaenIe,0,0,1,1,1,1,1,0,0.000227
234733847,tokopedhiya,0,0,1,1,1,1,1,0,0.000227
436439601,mochboudi,137,0,1,1,1,1,1,0,0.000227
1109333660,hailihabibti,137,0,1,1,1,1,1,0,0.000227
260155526,anpram1626,137,0,1,1,1,1,1,0,0.000227
65041602,karmenlunarx,137,0,1,1,1,1,1,0,0.000227
4484226258,meowsaorus,137,0,1,1,1,1,1,0,0.000227
350934591,rinmamak,137,0,1,1,1,1,1,0,0.000227
169853602,Zuherooo,0,0,1,1,1,1,1,0,0.000227
885377697139933186,kim_s0hee,0,0,1,1,1,1,1,0,0.000227
89882478,FareezAR,137,0,1,1,1,1,1,0,0.000227
583400115,slyndise,137,0,1,1,1,1,1,0,0.000227
118061340,CriwilBileam,137,0,1,1,1,1,1,0,0.000227
446663112,KhalidFaruq24,137,0,1,1,1,1,1,0,0.000227
991013311884886016,lollicandyyy,0,0,1,1,1,1,1,0,0.000227
349142368,Himawan_Into,137,0,1,1,1,1,1,0,0.000227
1007277717547446272,txtsambathidup,137,0,1,1,1,1,1,0,0.000227
3998753120,RaymondRahman,137,0,1,1,1,1,1,0,0.000227
143313743,tasya_syafira,0,0,1,1,1,1,1,0,0.000227
94882724,masyogapb,137,0,1,1,1,1,1,0,0.000227
1380066695985831940,jaeminchessy,0,0,1,1,1,1,1,0,0.000227
954886272736112640,bagasspr_,137,0,1,1,1,1,1,0,0.000227
58778142,CecepDigul,137,0,1,1,1,1,1,0,0.000227
89954125,kijangkijang_,137,0,1,1,1,1,1,0,0.000227
344032473,bydebdeb,0,0,1,1,1,1,1,0,0.000227
1062255027966734337,randypangapura,0,0,1,1,1,1,1,0,0.000227
1381781251753828354,natachrcn,137,0,1,1,1,1,1,0,0.000227
1360937460788723716,onlyDeaaa,137,0,1,1,1,1,1,0,0.000227
1280313726264983552,Apatisnotatheis,0,0,1,1,1,1,1,0,0.000227
986033750961143808,extrathiiin,137,0,1,1,1,1,1,0,0.000227
1421361781910360067,gopaiindonesia,137,0,1,1,1,1,1,0,0.000227
1201658889378205696,H__besar,0,0,1,1,1,1,1,0,0.000227
1903509199,bcllsinclair,137,0,1,1,1,1,1,0,0.000227
895264375,panjiend_roll,137,0,1,1,1,1,1,0,0.000227
483953389,syazwahn,137,0,1,1,1,1,1,0,0.000227
1248083825617285120,telurdadarss,137,0,1,1,1,1,1,0,0.000227
809068385715617796,nanagraphy,0,0,1,1,1,1,1,0,0.000227
1015122846408818688,lazeyducky,0,0,1,1,1,1,1,0,0.000227
1142860642690326528,sesuaisalero,137,0,1,1,1,1,1,0,0.000227
2928179354,mellodive,0,0,1,1,1,1,1,0,0.000227
1440662914415820814,sohryu23,0,0,1,1,1,1,1,0,0.000227
116435084,AdhitKurniawann,137,0,1,1,1,1,1,0,0.000227
358601693,nablink182,137,0,1,1,1,1,1,0,0.000227
1120927493320404994,Ojollll,137,0,1,1,1,1,1,0,0.000227
1221041919192522754,waaaanjim,137,0,1,1,1,1,1,0,0.000227
1124365630134571008,saustiramkw,0,0,1,1,1,1,1,0,0.000227
896315517811572736,lee_veluv,0,0,1,1,1,1,1,0,0.000227
114718832,komeng17,137,0,1,1,1,1,1,0,0.000227
1375840579477639169,nabbitisagod,0,0,1,1,1,1,1,0,0.000227
1284047743669776389,bluberyoreo,0,0,1,1,1,1,1,0,0.000227
1422386092603367429,cloveryshi,0,0,1,1,1,1,1,0,0.000227
1411720654538252292,penyelamhanda11,137,0,1,1,1,1,1,0,0.000227
1015886338699100160,Jotunese,0,0,1,1,1,1,1,0,0.000227
1467680405721530371,istrimarklee16,0,0,1,1,1,1,1,0,0.000227
1579150905705787392,bundaisyahh,0,0,1,1,1,1,1,0,0.000227
2173550496,Faiqoh_26,0,0,1,1,1,1,1,0,0.000227
1326858457,arianstrong,0,0,1,1,1,1,1,0,0.000227
38825938,aghagagas,137,0,1,1,1,1,1,0,0.000227
1101763400,qadlizaka,137,0,1,1,1,1,1,0,0.000227
99694969,maildian,0,0,1,1,1,1,1,0,0.000227
768440473,cacasadbae,0,0,1,1,1,1,1,0,0.000227
1041507276,sadicartier,137,0,1,1,1,1,1,0,0.000227
180819715,Divandaru,137,0,1,1,1,1,1,0,0.000227
819682290,heoroscope,0,0,1,1,1,1,1,0,0.000227
1001402322,Adeanugrah__,137,0,1,1,1,1,1,0,0.000227
125331545,haisayaaliff,137,0,1,1,1,1,1,0,0.000227
1209659554163617793,rsydkml,137,0,1,1,1,1,1,0,0.000227
1316703876414795776,Milaaae_,0,0,1,1,1,1,1,0,0.000227
575314163,pergibentaran,0,0,1,1,1,1,1,0,0.000227
903168054,Yoeyietsm,137,0,1,1,1,1,1,0,0.000227
1002779224095068160,FeLucky3,0,0,1,1,1,1,1,0,0.000227
1413404947719200770,4PamungkasD,137,0,1,1,1,1,1,0,0.000227
990187597,tripeltwo,0,0,1,1,1,1,1,0,0.000227
65867540,CevinCB,137,0,1,1,1,1,1,0,0.000227
1158584108106125312,paramartayogi1,137,0,1,1,1,1,1,0,0.000227
1417132620249399297,twittolll,137,0,1,1,1,1,1,0,0.000227
880114658,HrtThtaIntnPrmt,0,0,1,1,1,1,1,0,0.000227
1155192813249687552,DrahmansyahR16,137,0,1,1,1,1,1,0,0.000227
1467065371773394952,ayambutek,137,0,1,1,1,1,1,0,0.000227
1358101309325336576,Your666ae,137,0,1,1,1,1,1,0,0.000227
1020508145485955072,woeismeeh,0,0,1,1,1,1,1,0,0.000227
81026063,nahlazil,0,0,1,1,1,1,1,0,0.000227
2529565332,restikasucia,0,0,1,1,1,1,1,0,0.000227
416904087,jhon_deemaz,137,0,1,1,1,1,1,0,0.000227
2373472711,kingprodence,137,0,1,1,1,1,1,0,0.000227
1535879352961073152,skipsipaling,0,0,1,1,1,1,1,0,0.000227
1256911381745610752,ajengqt,0,0,1,1,1,1,1,0,0.000227
1392036980779667460,xxdean17,0,0,1,1,1,1,1,0,0.000227
406783122,CahyaPramana,137,0,1,1,1,1,1,0,0.000227
72495297,ahnkkami_nyang,137,0,1,1,1,1,1,0,0.000227
1036970996727574528,itsnot_far,0,0,1,1,1,1,1,0,0.000227
978156676057464832,dayatttee,137,0,1,1,1,1,1,0,0.000227
544776496,nyola_n,137,0,1,1,1,1,1,0,0.000227
1086624408473501696,elangep__,137,0,1,1,1,1,1,0,0.000227
83996799,orangnokturnal,137,0,1,1,1,1,1,0,0.000227
276408791,indomiegoren99,0,0,1,1,1,1,1,0,0.000227
1164347343568642048,limatigaaaa,137,0,1,1,1,1,1,0,0.000227
2606848130,IivingcoraI,137,0,1,1,1,1,1,0,0.000227
1042822879929262080,sapkaoley,137,0,1,1,1,1,1,0,0.000227
1322030262104961025,HaiByna,0,0,1,1,1,1,1,0,0.000227
111529135,geakkk,137,0,1,1,1,1,1,0,0.000227
1439646021441654784,apakabarkawanku,137,0,1,1,1,1,1,0,0.000227
1439446850696716289,hanseljho,137,0,1,1,1,1,1,0,0.000227
59394108,dinaraku,0,0,1,1,1,1,1,0,0.000227
129519956,memoexternal,137,0,1,1,1,1,1,0,0.000227
330861019,fachryrachmadm,137,0,1,1,1,1,1,0,0.000227
554425280,keamannan,137,0,1,1,1,1,1,0,0.000227
2878026098,goodfitri,0,0,1,1,1,1,1,0,0.000227
558315834,donatmatchaaaa,0,0,1,1,1,1,1,0,0.000227
1354229726026428419,urnainwanwan,137,0,1,1,1,1,1,0,0.000227
2438212242,cukic_jaklunik,0,0,1,1,1,1,1,0,0.000227
289188392,oktrian_nofalz,137,0,1,1,1,1,1,0,0.000227
237255236,1rvan07,137,0,1,1,1,1,1,0,0.000227
1309289498044366848,B_Nakiw,137,0,1,1,1,1,1,0,0.000227
1516007218474516480,Whodatbe88_,137,0,1,1,1,1,1,0,0.000227
1566203764565876736,aksaaaaa07,137,0,1,1,1,1,1,0,0.000227
1390346961618755589,FirzaSilaen1,137,0,1,1,1,1,1,0,0.000227
1387062038,crismsan,0,0,1,1,1,1,1,0,0.000227
1094567220,manusia_bukit_,137,0,1,1,1,1,1,0,0.000227
1124014512611495936,Imanuel__FS,137,0,1,1,1,1,1,0,0.000227
100732970,rianadhita,0,0,1,1,1,1,1,0,0.000227
1078915798368808961,orgilbehavioour,0,0,1,1,1,1,1,0,0.000227
1297827823088840704,ladojogjaa,0,0,1,1,1,1,1,0,0.000227
1231165199828357120,possitivibes,137,0,2,2,1,1,1,0,0.000227
1205042520415096832,thisislaemerson,137,0,1,1,1,1,1,0,0.000227
1160407984679215104,FarrelGregorius,137,0,1,1,1,1,1,0,0.000227
1122873026834382850,wavdreaming,137,0,1,1,1,1,1,0,0.000227
576929110,Nikholssss,137,0,1,1,1,1,1,0,0.000227
55506506,BenSidauruk,0,0,1,1,1,1,1,0,0.000227
1565700342549184512,sutrianawjy,137,0,1,1,1,1,1,0,0.000227
1519317067417063424,babybigdig,137,0,1,1,1,1,1,0,0.000227
1911433849,Gonxhaichsan,137,0,1,1,1,1,1,0,0.000227
925874216460738560,stickuer,137,0,1,1,1,1,1,0,0.000227
1070959439086145536,annkko7,0,0,1,1,1,1,1,0,0.000227
803681302427770880,clourentius31,137,0,1,1,1,1,1,0,0.000227
465156621,Suporter1976,137,0,1,1,1,1,1,0,0.000227
1188159524936400896,kokocrod,0,0,1,1,1,1,1,0,0.000227
1262960646917767169,rengokusimpgurl,0,0,1,1,1,1,1,0,0.000227
1110090885658636288,isobaI,0,0,1,1,1,1,1,0,0.000227
1213280173396647937,rxdxbc,137,0,1,1,1,1,1,0,0.000227
1091578604540973056,tqanaka,137,0,1,1,1,1,1,0,0.000227
1179408648885243904,AndalasArdhi,137,0,1,1,1,1,1,0,0.000227
2457739843,milkshxqe,137,0,1,1,1,1,1,0,0.000227
1190315445338816517,schumbags,137,0,1,1,1,1,1,0,0.000227
1536691330642227200,Safkendiana,0,0,1,1,1,1,1,0,0.000227
183515362,erikseptiawan,137,0,1,1,1,1,1,0,0.000227
135701184,mingyuwaifeu,137,0,1,1,1,1,1,0,0.000227
844567009,semprulna,137,0,1,1,1,1,1,0,0.000227
933383193209683968,tsarr_rasputin,137,0,1,1,1,1,1,0,0.000227
1279740559809101827,hadoehs,137,0,1,1,1,1,1,0,0.000227
1280564442917335040,annisaapr18,0,0,1,1,1,1,1,0,0.000227
1031750901952733184,iamagoodfangirl,0,0,1,1,1,1,1,0,0.000227
2890978478,sharelocationn,137,0,1,1,1,1,1,0,0.000227
2277557864,AditPutraH,0,0,1,1,1,1,1,0,0.000227
1455974306,duzafik_46,0,0,1,1,1,1,1,0,0.000227
1358411618,pusing7purnama,137,0,1,1,1,1,1,0,0.000227
1313359056355041283,2020bucinNCT,0,0,1,1,1,1,1,0,0.000227
147074239,ivanjordi,137,0,1,1,1,1,1,0,0.000227
912263136,tamimah_enter,0,0,1,1,1,1,1,0,0.000227
1489922577506062345,farisvrgwn,137,0,1,1,1,1,1,0,0.000227
771162956,Syachrendra28,137,0,1,1,1,1,1,0,0.000227
458109045,kangensungjin,0,0,1,1,1,1,1,0,0.000227
276310877,dovityindah,137,0,1,1,1,1,1,0,0.000227
1632432138,aldirmnd,137,0,1,1,1,1,1,0,0.000227
2314937424,Naufalditama,137,0,1,1,1,1,1,0,0.000227
1046047764889522176,Ukhthicc_,137,0,1,1,1,1,1,0,0.000227
261727520,mothafucka_____,137,0,1,1,1,1,1,0,0.000227
265350380,aldirejaaaa,0,0,1,1,1,1,1,0,0.000227
254962518,coffeeey_,137,0,1,1,1,1,1,0,0.000227
1110967333130891264,fawwaz_rifa,137,0,1,1,1,1,1,0,0.000227
1565972699486097408,imhzlnuts,137,0,1,1,1,1,1,0,0.000227
424070982,wnd5rae,0,0,1,1,1,1,1,0,0.000227
1184304738696777728,abcefucku1,137,0,1,1,1,1,1,0,0.000227
253880516,Czkyy,137,0,1,1,1,1,1,0,0.000227
2754465835,kemellud,137,0,1,1,1,1,1,0,0.000227
236044567,adolescentdie,137,0,1,1,1,1,1,0,0.000227
474713822,bibithitam,137,0,1,1,1,1,1,0,0.000227
2703360330,CorneliaEgy,0,0,1,1,1,1,1,0,0.000227
1166949486024769536,Nipsdix1,137,0,1,1,1,1,1,0,0.000227
51440840,jordansitompul,137,0,1,1,1,1,1,0,0.000227
222129095,Erviinms,0,0,1,1,1,1,1,0,0.000227
1096754895359696897,IndraPrastian,137,0,1,1,1,1,1,0,0.000227
1066185875640352768,swgy__,137,0,1,1,1,1,1,0,0.000227
719041079874445312,lerenmotret,137,0,1,1,1,1,1,0,0.000227
927195256512307200,high_and_gloomy,137,0,1,1,1,1,1,0,0.000227
1115508342959558656,diamondswanlake,0,0,1,1,1,1,1,0,0.000227
2445054667,joahamika,0,0,1,1,1,1,1,0,0.000227
1549139522826682368,strangenesssss,137,0,1,1,1,1,1,0,0.000227
614916985,muhamadwildi,137,0,1,1,1,1,1,0,0.000227
2493619866,seloujiakh,137,0,1,1,1,1,1,0,0.000227
438405471,jay_jay7447,137,0,1,1,1,1,1,0,0.000227
382529055,aangsya,137,0,1,1,1,1,1,0,0.000227
34883143,dsaizawa,0,0,1,1,1,1,1,0,0.000227
1247108778568212480,berkeleyymafia,0,0,1,1,1,1,1,0,0.000227
3009800418,anstysanggraeni,137,0,1,1,1,1,1,0,0.000227
1640046896,BJS21BJS,137,0,1,1,1,1,1,0,0.000227
2265553680,perangmiliter,137,0,1,1,1,1,1,0,0.000227
1137319328057970689,liambalageur,0,0,1,1,1,1,1,0,0.000227
539847667,vivanillavi,137,0,1,1,1,1,1,0,0.000227
1194280633456984065,SatriaAuliansy1,137,0,1,1,1,1,1,0,0.000227
465224207,anissudinmarket,137,0,1,1,1,1,1,0,0.000227
1227334922,ameeratoer,0,0,1,1,1,1,1,0,0.000227
597415059,sword_way,0,0,1,1,1,1,1,0,0.000227
513133870,ApatySoemantri,137,0,1,1,1,1,1,0,0.000227
233931875,Avadanevada_,0,0,1,1,1,1,1,0,0.000227
540540995,beetibeeti,0,0,1,1,1,1,1,0,0.000227
1115935608885501952,buduuum,0,0,1,1,1,1,1,0,0.000227
81771488,rumputkuning_,137,0,1,1,1,1,1,0,0.000227
2402379812,amorfrieden,137,0,1,1,1,1,1,0,0.000227
1385366895545651204,justtirednow,0,0,1,1,1,1,1,0,0.000227
1022040799,ZeldrisTheThird,137,0,1,1,1,1,1,0,0.000227
1277973834977603585,firewall296,137,0,1,1,1,1,1,0,0.000227
1362505687553613824,AnotherHidden,0,0,1,1,1,1,1,0,0.000227
1317185144713740289,akunflopygy,0,0,1,1,1,1,1,0,0.000227
1290868635032883200,dearadin,0,0,1,1,1,1,1,0,0.000227
536404571,wowimagine,137,0,1,1,1,1,1,0,0.000227
884791052879581185,ordoreo,0,0,1,1,1,1,1,0,0.000227
1135664418497241088,UTDaiman,137,0,1,1,1,1,1,0,0.000227
1269488863405150209,mynameislalo_,137,0,1,1,1,1,1,0,0.000227
1153488161365880832,katyaacassan,137,0,1,1,1,1,1,0,0.000227
2408864964,farezaanwr,137,0,1,1,1,1,1,0,0.000227
772335114214793218,pikaduttt,137,0,1,1,1,1,1,0,0.000227
925004823233044480,imcocol,137,0,1,1,1,1,1,0,0.000227
262099816,naldiedotz,0,0,1,1,1,1,1,0,0.000227
622749781,tetrisugiono,0,0,1,1,1,1,1,0,0.000227
1168114764435705857,asbgds,0,0,1,1,1,1,1,0,0.000227
1378182359388876801,hamjwirangii,0,0,1,1,1,1,1,0,0.000227
117685474,NanuWisnu,137,0,1,1,1,1,1,0,0.000227
1281643522123108352,aldickkkkk,137,0,1,1,1,1,1,0,0.000227
1119011813373296641,feodalieur,0,0,1,1,1,1,1,0,0.000227
878739587945775104,moonsykeis,0,0,1,1,1,1,1,0,0.000227
556684485,nabillaJKT19,137,0,1,1,1,1,1,0,0.000227
1435731386,fcutomo,137,0,1,1,1,1,1,0,0.000227
818999582,hjelnut,0,0,1,1,1,1,1,0,0.000227
1339911494608142336,yangmuliasasaaa,137,0,1,1,1,1,1,0,0.000227
1464927736183488523,Arill_22,137,0,1,1,1,1,1,0,0.000227
1481440034,iamselviautami,0,0,1,1,1,1,1,0,0.000227
319500193,catchoize,0,0,1,1,1,1,1,0,0.000227
907569620743217152,selenophxxle,0,0,1,1,1,1,1,0,0.000227
531452559,KharisJalu,0,0,1,1,1,1,1,0,0.000227
1141228894101504001,haruleontimmy,0,0,1,1,1,1,1,0,0.000227
309690793,yaelahdre,0,0,1,1,1,1,1,0,0.000227
294660435,PradiptaRey,0,0,1,1,1,1,1,0,0.000227
1192639644124344320,Hendropur_,137,0,1,1,1,1,1,0,0.000227
1506644708726304773,pharell777,137,0,1,1,1,1,1,0,0.000227
173092807,tulaykurawa,137,0,1,1,1,1,1,0,0.000227
98486414,priyoginanjar,0,0,1,1,1,1,1,0,0.000227
564369962,Desnyawaty,137,0,1,1,1,1,1,0,0.000227
1597333650,downbokir,137,0,1,1,1,1,1,0,0.000227
115008613,ikhtiarokky,0,0,1,1,1,1,1,0,0.000227
125052817,bayurzkiA,137,0,1,1,1,1,1,0,0.000227
1300412686589599745,karengg__,0,0,1,1,1,1,1,0,0.000227
1573923024692465664,LambeNgisor,137,0,1,1,1,1,1,0,0.000227
59147900,ipulfirmansyahh,137,0,1,1,1,1,1,0,0.000227
1105424059922231296,whiskity,137,0,1,1,1,1,1,0,0.000227
520194076,fitriufaizah,137,0,1,1,1,1,1,0,0.000227
1425240621841715200,Haisegawon,137,0,1,1,1,1,1,0,0.000227
703058009761718272,AnangRh_,137,0,1,1,1,1,1,0,0.000227
1199900597383614465,mr_abiiii,137,0,1,1,1,1,1,0,0.000227
1392279902,harinpras,137,0,1,1,1,1,1,0,0.000227
1217275188833730560,morningggurrrll,137,0,1,1,1,1,1,0,0.000227
59740465,tehpocii,0,0,1,1,1,1,1,0,0.000227
126229638,septianpriyono,0,0,1,1,1,1,1,0,0.000227
1578689547231105024,kelapadinas,137,0,1,1,1,1,1,0,0.000227
214470957,elelromi,0,0,1,1,1,1,1,0,0.000227
87944243,smutia,137,0,1,1,1,1,1,0,0.000227
1367656172585586688,arckialogy,137,0,1,1,1,1,1,0,0.000227
1213671385064624128,05Nende,137,0,1,1,1,1,1,0,0.000227
1407179867267891200,berpasir4,137,0,1,1,1,1,1,0,0.000227
109224776,leomarkmin,0,0,1,1,1,1,1,0,0.000227
48926467,zulazry,137,0,1,1,1,1,1,0,0.000227
142985057,Dhikalicious,0,0,1,1,1,1,1,0,0.000227
2552078023,birunaviy,137,0,1,1,1,1,1,0,0.000227
63395360,gabbagas,137,0,1,1,1,1,1,0,0.000227
998946400854597633,zsadboi,137,0,1,1,1,1,1,0,0.000227
1696345056,cloudyheavensm,137,0,1,1,1,1,1,0,0.000227
930480089694744576,genji31880377,137,0,1,1,1,1,1,0,0.000227
1571508413653458946,DifarizkiAyule3,137,0,1,1,1,1,1,0,0.000227
2309883728,mamas_biasa,137,0,1,1,1,1,1,0,0.000227
1301305146815647744,flanelijo,137,0,1,1,1,1,1,0,0.000227
1205867451029712897,PoorJohn50,137,0,1,1,1,1,1,0,0.000227
318254752,rofvania,137,0,1,1,1,1,1,0,0.000227
1196740136,joonmahao_,0,0,1,1,1,1,1,0,0.000227
118122550,dedeadioctav,137,0,1,1,1,1,1,0,0.000227
241419205,rifkijamaludina,0,0,1,1,1,1,1,0,0.000227
993390765328945152,alikadenana,137,0,1,1,1,1,1,0,0.000227
1576119637581799424,yourmoods0,137,0,1,1,1,1,1,0,0.000227
1082876801431437318,sparkfly18,0,0,1,1,1,1,1,0,0.000227
737304954348535810,pffttthhhh,137,0,1,1,1,1,1,0,0.000227
1119910207302201344,megandira1,137,0,1,1,1,1,1,0,0.000227
2322642710,FULLNJBLT,137,0,1,1,1,1,1,0,0.000227
905414544,jidandunn,137,0,1,1,1,1,1,0,0.000227
2491105591,overmyskin7,0,0,1,1,1,1,1,0,0.000227
1212341215951118337,itsmetrush,137,0,1,1,1,1,1,0,0.000227
275835096,marimasduku,137,0,1,1,1,1,1,0,0.000227
1088618636229525505,FatSiomay,137,0,1,1,1,1,1,0,0.000227
1140697252609921024,seftian__,137,0,1,1,1,1,1,0,0.000227
293977625,arief_marlon,137,0,1,1,1,1,1,0,0.000227
963724970,ryzkl,137,0,1,1,1,1,1,0,0.000227
233065529,wi_wey,137,0,1,1,1,1,1,0,0.000227
1562155131881238529,landsharrkkk,137,0,1,1,1,1,1,0,0.000227
371265266,sukauangdong,137,0,1,1,1,1,1,0,0.000227
388279363,shin_uroborus,0,0,1,1,1,1,1,0,0.000227
1030373528959242240,andinurazZzZz,0,0,1,1,1,1,1,0,0.000227
254410971,unbarbxtch,0,0,1,1,1,1,1,0,0.000227
85993161,ffalsakina,0,0,1,1,1,1,1,0,0.000227
238433416,yanri19,0,0,1,1,1,1,1,0,0.000227
2194585740,pndfdy,0,0,1,1,1,1,1,0,0.000227
1451154269566955532,AkuBukanUmbi,0,0,1,1,1,1,1,0,0.000227
738185966,inavre,0,0,1,1,1,1,1,0,0.000227
1024610447847116802,wipilarpa,0,0,1,1,1,1,1,0,0.000227
885762799896469504,kifyomi,0,0,1,1,1,1,1,0,0.000227
41389537,teguhpur,0,0,1,1,1,1,1,0,0.000227
248301025,ahmad_deza,0,0,1,1,1,1,1,0,0.000227
499650950,Ramazulflikar,0,0,1,1,1,1,1,0,0.000227
57889446,Firmandanny,0,0,1,1,1,1,1,0,0.000227
79234386,masahiryuu,0,0,1,1,1,1,1,0,0.000227
474855261,SyafrieB,0,0,1,1,1,1,1,0,0.000227
1208370307620196353,zzziraaaanoooxy,137,0,1,1,1,1,1,0,0.000227
1077577255260311553,sebutsajakucing,0,0,1,1,1,1,1,0,0.000227
361221296,muhammad_dlya,0,0,1,1,1,1,1,0,0.000227
1695873272,mahendrax_,137,0,1,1,1,1,1,0,0.000227
412941228,Ludhi_N,137,0,1,1,1,1,1,0,0.000227
1102307621590097920,chineseixora,0,0,1,1,1,1,1,0,0.000227
1544727764464312320,samfauzi_ahmad,137,0,1,1,1,1,1,0,0.000227
1244656192854454277,indrasbitchhere,0,0,1,1,1,1,1,0,0.000227
1163574553,FajarSyamsiah1,0,0,1,1,1,1,1,0,0.000227
1218554785051267073,vaggotarian,137,0,1,1,1,1,1,0,0.000227
532741746,r_dhyas,0,0,1,1,1,1,1,0,0.000227
2311567976,hoshnnjosh,0,0,1,1,1,1,1,0,0.000227
1009701022707486720,cakeainaa,137,0,1,1,1,1,1,0,0.000227
3316737703,rarahoneystar,137,0,1,1,1,1,1,0,0.000227
1531338160843935744,sayawahyuhu,137,0,1,1,1,1,1,0,0.000227
987895344,wuarsimin,137,0,1,1,1,1,1,0,0.000227
1042287294089027585,idawegg,137,0,1,1,1,1,1,0,0.000227
432360978,ciappucino,137,0,1,1,1,1,1,0,0.000227
2510287891,AyuTriwn,0,0,1,1,1,1,1,0,0.000227
1469500592271683587,bongkahan_batu,137,0,1,1,1,1,1,0,0.000227
162353173,muthmazifa,0,0,1,1,1,1,1,0,0.000227
252874813,dianflorent,137,0,1,1,1,1,1,0,0.000227
1181651118239039488,chevelureim,137,0,1,1,1,1,1,0,0.000227
966858449312034816,pbsadewa_,0,0,1,1,1,1,1,0,0.000227
1127261864818167808,ProfessionalDum,137,0,1,1,1,1,1,0,0.000227
2917626931,DikaAmstrong,0,0,1,1,1,1,1,0,0.000227
102944675,andredanieln70,137,0,1,1,1,1,1,0,0.000227
340960920,aripnopal,0,0,1,1,1,1,1,0,0.000227
1005542697577242624,vampireblah,0,0,1,1,1,1,1,0,0.000227
992400053133164544,gabriela_rwg,137,0,1,1,1,1,1,0,0.000227
743422021304881153,icemenggo,0,0,1,1,1,1,1,0,0.000227
807778933110251522,fikurri,0,0,1,1,1,1,1,0,0.000227
1465196591631908865,uciyynrl,0,0,1,1,1,1,1,0,0.000227
614157353,lushymeadow,0,0,1,1,1,1,1,0,0.000227
1199508383155412992,cerlyniamide,0,0,1,1,1,1,1,0,0.000227
896955877512671232,Anungma,0,0,1,1,1,1,1,0,0.000227
1104346094857728001,dixaxtey,137,0,1,1,1,1,1,0,0.000227
433420258,Adry_siyan,0,0,1,1,1,1,1,0,0.000227
1229083926699765761,kostanalter,137,1,0,1,0,0,0,0,0.000323
1685223198,nadhilazati,0,0,1,1,1,1,1,0,0.000227
1066971399879766016,lidyongs,0,0,1,1,1,1,1,0,0.000227
793403293594640384,urfavoritesin69,137,0,1,1,1,1,1,0,0.000227
846583334,lidoyulio,0,0,1,1,1,1,1,0,0.000227
1144859159323529222,piestachio,0,0,1,1,1,1,1,0,0.000227
181863279,Uknowidya_T,0,0,1,1,1,1,1,0,0.000227
1038815516515680256,radimase,0,0,1,1,1,1,1,0,0.000227
822734190,IrfanID,137,0,1,1,1,1,1,0,0.000227
1337766809684996096,adamstr2nd_,0,0,1,1,1,1,1,0,0.000227
1243834309301039104,Joshrafshanwu,137,0,1,1,1,1,1,0,0.000227
1152774769,yourafff,164,0,1,1,1,1,1,0,0.000227
183585238,ainunrozi,164,226,0,226,0,0,0,0,0.043496
83264516,la_siro,164,0,1,1,1,1,1,0,0.000227
770800686,teeyatimbui,164,0,1,1,1,1,1,0,0.000227
1201303103451975680,pulngpergipagi,164,0,1,1,1,1,1,0,0.000227
927396834,anxietyakutt,164,0,1,1,1,1,1,0,0.000227
1329190524897558530,royyana1304971,164,0,1,1,1,1,1,0,0.000227
622698469,slwzmh4,164,0,1,1,1,1,1,0,0.000227
1436465243861831682,rizqianaliva,164,0,1,1,1,1,1,0,0.000227
409830183,DelisMahmudah1,164,0,1,1,1,1,1,0,0.000227
2373500640,yaaudahlah_,164,0,1,1,1,1,1,0,0.000227
1389477177192636425,adourablez,164,0,1,1,1,1,1,0,0.000227
1303365176654143488,rikaasnuriani,164,0,1,1,1,1,1,0,0.000227
99200347,ikhaps,164,0,1,1,1,1,1,0,0.000227
2298531597,mintarokoklah,164,0,1,1,1,1,1,0,0.000227
1376725773382414336,lestputri10,164,0,1,1,1,1,1,0,0.000227
1248632191430488065,urfavoritehman_,164,0,1,1,1,1,1,0,0.000227
1493163374342905856,terongbakarrr,164,0,1,1,1,1,1,0,0.000227
400092103,firinasahara,164,0,1,1,1,1,1,0,0.000227
1352064716617576451,kanadabukankiri,164,0,1,1,1,1,1,0,0.000227
1271949398230986754,yusssssri,164,0,1,1,1,1,1,0,0.000227
1636360153,SuciiDewantari,164,0,1,1,1,1,1,0,0.000227
1119667544778924032,psycheax,137,0,1,1,1,1,1,0,0.000227
117330036,ratihkiranaa,164,0,1,1,1,1,1,0,0.000227
1578170574924283910,noflee13,164,0,1,1,1,1,1,0,0.000227
526446943,Ahongstrong,164,0,1,1,1,1,1,0,0.000227
1498874431334092804,tenitenani,164,0,1,1,1,1,1,0,0.000227
1264230753241448448,shinjioloan,164,0,1,1,1,1,1,0,0.000227
411222879,kookierana,164,0,1,1,1,1,1,0,0.000227
1246107591387656192,alviniarianii,164,0,1,1,1,1,1,0,0.000227
466154201,helloimdrp,164,0,1,1,1,1,1,0,0.000227
1141273318122672129,mrs_geebae,164,0,1,1,1,1,1,0,0.000227
711365550308507648,mutiara10ayha96,164,0,1,1,1,1,1,0,0.000227
1149643917354127364,reginnurs10,164,0,1,1,1,1,1,0,0.000227
1006303400915447808,silmiapipahh,164,0,1,1,1,1,1,0,0.000227
1545658906667470848,chomoluqman,164,0,1,1,1,1,1,0,0.000227
1431618842749333504,Future59658183,164,0,1,1,1,1,1,0,0.000227
1150271883050229761,kagura9820,164,0,1,1,1,1,1,0,0.000227
1578788486366187521,niqmooo,164,0,1,1,1,1,1,0,0.000227
1430334834056916995,koesedulurku321,164,0,1,1,1,1,1,0,0.000227
1492223809,kokokranychy,164,0,1,1,1,1,1,0,0.000227
1134838422630150144,umiaimmatunn,164,0,1,1,1,1,1,0,0.000227
1247390556998627328,rihatsani,164,0,1,1,1,1,1,0,0.000227
452557602,bilasasybila,164,0,1,1,1,1,1,0,0.000227
1527541773614010368,RamotBua,164,0,1,1,1,1,1,0,0.000227
1560643307373338624,goldyhennessy,164,0,1,1,1,1,1,0,0.000227
1252230543938162690,EkoRochmawati_,164,0,1,1,1,1,1,0,0.000227
2209937563,Ellowiiing,164,0,1,1,1,1,1,0,0.000227
116342698,anggitagigi,164,0,1,1,1,1,1,0,0.000227
1338843417028096000,ciciyu30,164,0,1,1,1,1,1,0,0.000227
1457392490261069824,sabsbruss,164,0,1,1,1,1,1,0,0.000227
104154002,milodinosauru5,164,0,1,1,1,1,1,0,0.000227
1144504475870089216,Mcflurrybrwns_,164,0,1,1,1,1,1,0,0.000227
1538616707857534976,mhmmd_ddeysf,164,0,1,1,1,1,1,0,0.000227
3124511640,d_desniar,164,0,1,1,1,1,1,0,0.000227
1197508918454304769,chwmee,164,0,1,1,1,1,1,0,0.000227
1403195584077434882,jaeminpw,164,0,1,1,1,1,1,0,0.000227
2885283858,DinaTjindar,164,0,1,1,1,1,1,0,0.000227
1406217615219970049,HadieEdezo,164,0,1,1,1,1,1,0,0.000227
298987677,nisakangkopi,164,0,1,1,1,1,1,0,0.000227
1574895188547231745,shtclaudine,164,0,1,1,1,1,1,0,0.000227
1205175457366175744,aufanurul_,164,0,1,1,1,1,1,0,0.000227
1135712361015259137,Saefulfalakiya1,164,0,1,1,1,1,1,0,0.000227
1649102694,_ekahidayah,164,0,1,1,1,1,1,0,0.000227
1399225147702218754,etaqqq,164,0,1,1,1,1,1,0,0.000227
1335410363337097220,nisasblng,164,0,1,1,1,1,1,0,0.000227
1220017944698048512,lifewasgo0d,164,0,1,1,1,1,1,0,0.000227
1324339228214394882,Aigokamjagya17,164,0,1,1,1,1,1,0,0.000227
589766554,agsy08,164,0,1,1,1,1,1,0,0.000227
1070051634,Novie_Lholitaa,164,0,1,1,1,1,1,0,0.000227
1205251417,jhnjno,164,0,1,1,1,1,1,0,0.000227
1090776412494036992,EviNurkarimahhh,164,0,1,1,1,1,1,0,0.000227
69534174,uliwulie,164,0,1,1,1,1,1,0,0.000227
1572528823119511552,stbrchzcake,164,0,1,1,1,1,1,0,0.000227
1355541674,olivebrilliani,164,0,1,1,1,1,1,0,0.000227
465700327,HanaDinika28,164,0,1,1,1,1,1,0,0.000227
1374365578979274754,anarikara1,164,0,1,1,1,1,1,0,0.000227
1174708200211304448,mvstrr0s,164,0,1,1,1,1,1,0,0.000227
1524665502282371072,Frischa0612,164,0,1,1,1,1,1,0,0.000227
456234860,ermandamara,164,0,1,1,1,1,1,0,0.000227
324351635,JNB_Juliana,164,0,1,1,1,1,1,0,0.000227
1530610610915880960,Porsche_0211,164,0,1,1,1,1,1,0,0.000227
129397973,alhaps,164,0,1,1,1,1,1,0,0.000227
566020398,yellowkunning,164,0,1,1,1,1,1,0,0.000227
34820233,bernicha,164,0,1,1,1,1,1,0,0.000227
1204266267927990272,Heizellee,164,0,1,1,1,1,1,0,0.000227
1456067276973613062,hakhaqiqi,164,0,1,1,1,1,1,0,0.000227
350125674,ReberthaMB,164,0,1,1,1,1,1,0,0.000227
157978235,elhakimaqsha,164,0,1,1,1,1,1,0,0.000227
1351544194737688576,LauraladyDiana8,164,0,1,1,1,1,1,0,0.000227
724843350420000771,aprialrosa_all,164,0,1,1,1,1,1,0,0.000227
1485248029968171012,rikarachhh,164,0,1,1,1,1,1,0,0.000227
1454017359786627072,rafli_bmbngo,164,0,1,1,1,1,1,0,0.000227
359196425,rosaarsonta,164,0,1,1,1,1,1,0,0.000227
981355928,whyimaa,164,0,1,1,1,1,1,0,0.000227
2186476490,lesyeuxdenoona,164,0,1,1,1,1,1,0,0.000227
234353009,febryutamawan,164,0,1,1,1,1,1,0,0.000227
1335458542166233089,bukannalien,164,0,1,1,1,1,1,0,0.000227
1444654942887694344,onaa_JJ,164,0,1,1,1,1,1,0,0.000227
873990576529489921,RinaSriWahyuna1,164,0,1,1,1,1,1,0,0.000227
820789926,InitialHp,164,0,1,1,1,1,1,0,0.000227
1269314380459466752,kkyuchimie,164,0,1,1,1,1,1,0,0.000227
1246771072373932032,sebutsajaalfia,164,0,1,1,1,1,1,0,0.000227
605191572,viii_ixiixixiii,164,0,1,1,1,1,1,0,0.000227
36054104,zynmli,164,0,1,1,1,1,1,0,0.000227
569700239,CLIMCMXCVII,164,0,1,1,1,1,1,0,0.000227
1249721673885990912,Teajusgula_,164,0,1,1,1,1,1,0,0.000227
519292012,Alsheina02,164,0,1,1,1,1,1,0,0.000227
1351028378787340288,RereginaAV,164,0,1,1,1,1,1,0,0.000227
1074078250643517440,Windaang7794,164,0,1,1,1,1,1,0,0.000227
1555916307488313344,Boyz95862639,137,0,1,1,1,1,1,0,0.000227
1096931154861613056,rndm_guy22,164,0,1,1,1,1,1,0,0.000227
1430355987920158726,AjengOktapiani,164,0,1,1,1,1,1,0,0.000227
110903178,Juliaewhite,164,0,1,1,1,1,1,0,0.000227
1398545844,NuryantiMega,164,0,1,1,1,1,1,0,0.000227
1317046894422446081,tfksrydrm_,164,0,1,1,1,1,1,0,0.000227
80454475,newmoonsunbaeq,164,0,1,1,1,1,1,0,0.000227
1314331849380950021,smir_iam,164,0,1,1,1,1,1,0,0.000227
98310239,elvinarmami,164,0,1,1,1,1,1,0,0.000227
344429137,DindaliaAmel,164,0,1,1,1,1,1,0,0.000227
2956620954,nysxnx,164,0,1,1,1,1,1,0,0.000227
350779092,akuabdur,164,0,1,1,1,1,1,0,0.000227
1283977672033308673,honee1604,164,0,1,1,1,1,1,0,0.000227
1497623143250161664,ivindyaja,164,0,1,1,1,1,1,0,0.000227
800380791205203968,rgktksm,164,0,1,1,1,1,1,0,0.000227
976681085642797057,Rikadef_,164,0,1,1,1,1,1,0,0.000227
1004343909147799552,cyranisul,164,0,1,1,1,1,1,0,0.000227
1574909286081531904,PipinKn4,164,0,1,1,1,1,1,0,0.000227
139045916,Arimbihp,164,0,1,1,1,1,1,0,0.000227
2213480538,boominsmile,164,0,1,1,1,1,1,0,0.000227
1488519320611213313,NasiPad80620378,164,0,1,1,1,1,1,0,0.000227
107346858,krofiq24,164,0,1,1,1,1,1,0,0.000227
262611048,Risuka_id,164,0,1,1,1,1,1,0,0.000227
780432588,qusnullq,164,0,1,1,1,1,1,0,0.000227
1139227560,mutianisa25,164,0,1,1,1,1,1,0,0.000227
1370594743957159936,sayaayyy,164,0,1,1,1,1,1,0,0.000227
1282331355087376384,bae_jingan,164,0,1,1,1,1,1,0,0.000227
1129691555411816448,lili_yoomi,164,0,1,1,1,1,1,0,0.000227
67243072,debyustia,164,0,1,1,1,1,1,0,0.000227
969553520,anginmei,164,0,1,1,1,1,1,0,0.000227
1163423607214575618,shanindya001,164,0,1,1,1,1,1,0,0.000227
1092221130,vfsfebry,164,0,1,1,1,1,1,0,0.000227
751434590,BrunellaBiebie,164,0,1,1,1,1,1,0,0.000227
1493201834982637568,Lutfianikiky,164,0,1,1,1,1,1,0,0.000227
1260203279205625859,yeolielight,164,0,1,1,1,1,1,0,0.000227
1486441429413273600,Ofryannn,164,0,1,1,1,1,1,0,0.000227
904968658295808001,reva04120,164,0,1,1,1,1,1,0,0.000227
207510833,edwia10,164,0,1,1,1,1,1,0,0.000227
1576116981740474368,ohayoudarlling,164,0,1,1,1,1,1,0,0.000227
3291722162,baloneybabby,164,0,1,1,1,1,1,0,0.000227
1198590258830401536,minzytherawr,164,0,1,1,1,1,1,0,0.000227
2365673906,alesetiawan_,164,0,1,1,1,1,1,0,0.000227
342258854,gueigo,164,0,1,1,1,1,1,0,0.000227
156915024,yolandaelins,164,0,1,1,1,1,1,0,0.000227
1571838661465092096,alfathalfatih13,164,0,1,1,1,1,1,0,0.000227
1202658447273025538,alpacadreamy,164,0,1,1,1,1,1,0,0.000227
1271975661385605122,fleursetsaphire,164,0,1,1,1,1,1,0,0.000227
1166982408425504768,fallin_autum,164,0,1,1,1,1,1,0,0.000227
1355144397030125574,galuhsvkh,164,0,1,1,1,1,1,0,0.000227
1959364578,wanitaperibumi,164,0,1,1,1,1,1,0,0.000227
2747547670,dededekiii,164,0,1,1,1,1,1,0,0.000227
95152708,mellisanin,164,0,1,1,1,1,1,0,0.000227
269699234,Arsayudhanasa,164,0,1,1,1,1,1,0,0.000227
1370173883182026752,Meilia57169345,164,0,1,1,1,1,1,0,0.000227
1370266325830967297,AjengSitiAnjani,164,0,1,1,1,1,1,0,0.000227
1168196442457960448,eunoiaaa21,164,0,1,1,1,1,1,0,0.000227
285084155,AfifatunnisaB,164,0,1,1,1,1,1,0,0.000227
332180595,olakafit,164,0,1,1,1,1,1,0,0.000227
453607604,DanAmel11,164,0,1,1,1,1,1,0,0.000227
838692915060695040,Muhammadfir27,164,0,1,1,1,1,1,0,0.000227
245763918,farisbisyir12,164,0,1,1,1,1,1,0,0.000227
980884743968366592,artapunkish,164,0,1,1,1,1,1,0,0.000227
3822551418,Naufalllnadzal_,164,0,1,1,1,1,1,0,0.000227
1368059511911583744,Yunitaa_nitt,164,0,1,1,1,1,1,0,0.000227
1517849615805992961,cerista_w,164,0,1,1,1,1,1,0,0.000227
499564434,githaputri_,164,0,1,1,1,1,1,0,0.000227
1308872699733782531,perdynsyh,164,0,1,1,1,1,1,0,0.000227
710171863,sofinurasypia,164,0,1,1,1,1,1,0,0.000227
1620409926,jalaniajaduls,164,0,1,1,1,1,1,0,0.000227
346396818,RyanBakkaru,164,0,1,1,1,1,1,0,0.000227
775357394,Cicah3,164,0,1,1,1,1,1,0,0.000227
251460860,flowecroad,164,0,1,1,1,1,1,0,0.000227
315192662,tiyatiyottt,164,0,1,1,1,1,1,0,0.000227
1231139508667568140,positiveepie,164,0,1,1,1,1,1,0,0.000227
1067495925331849216,FtryaRmtka,164,0,1,1,1,1,1,0,0.000227
1581648670952284162,FUNCheese2022,164,0,1,1,1,1,1,0,0.000227
1052214517143199744,sendirianna,164,0,1,1,1,1,1,0,0.000227
1488261430918844417,shaanshit,164,0,1,1,1,1,1,0,0.000227
1443914475661185024,cinestillexp,164,0,1,1,1,1,1,0,0.000227
1391679416321806341,selfmotivatorr,164,0,1,1,1,1,1,0,0.000227
4638182916,evlmallarangi,164,0,1,1,1,1,1,0,0.000227
708678808212115456,sarianisafitri_,164,0,1,1,1,1,1,0,0.000227
1582736828247179264,EsDeganTanpaEs,164,0,1,1,1,1,1,0,0.000227
1186048062,cazenk_areif,164,0,1,1,1,1,1,0,0.000227
1517682401874378752,hxxbino,164,0,1,1,1,1,1,0,0.000227
176684674,izaazal,164,0,1,1,1,1,1,0,0.000227
86471120,DeviiSafitry,164,0,1,1,1,1,1,0,0.000227
1498239574572937218,ma24743906,164,0,1,1,1,1,1,0,0.000227
521056012,nrndhsr11,164,0,1,1,1,1,1,0,0.000227
867044803,cakweegaring,164,0,1,1,1,1,1,0,0.000227
77213582,kamasArif,137,0,1,1,1,1,1,0,0.000227
400535575,abcdroxzy,164,0,1,1,1,1,1,0,0.000227
1260993932,mexrokok,164,0,1,1,1,1,1,0,0.000227
2939225766,aziiluthfi9,164,0,1,1,1,1,1,0,0.000227
487403046,Apriliani_Ra,164,0,1,1,1,1,1,0,0.000227
126525261,nadyasm,164,0,1,1,1,1,1,0,0.000227
1480552123116834818,ditakoniaa,164,0,1,1,1,1,1,0,0.000227
297570476,rennasiahaan,164,0,1,1,1,1,1,0,0.000227
1340647524101619712,sunukimchi,164,0,1,1,1,1,1,0,0.000227
1207132977697710080,elyayuliaa,164,0,1,1,1,1,1,0,0.000227
1069944133156892674,widiakim28,164,0,1,1,1,1,1,0,0.000227
1474420836962426882,smothlyn,164,0,1,1,1,1,1,0,0.000227
1431639196272189448,aririxiao,164,0,1,1,1,1,1,0,0.000227
825160261,debbvlx,164,0,1,1,1,1,1,0,0.000227
720850464632233985,lovesick_jia,164,0,1,1,1,1,1,0,0.000227
1249544557416476678,jeon9mal,164,0,1,1,1,1,1,0,0.000227
105060528,terjunpxyung,164,0,1,1,1,1,1,0,0.000227
558657843,utamiwpdj,164,0,1,1,1,1,1,0,0.000227
1580745188292845568,Anggi_andresa,164,0,1,1,1,1,1,0,0.000227
2506618184,guujl_yae,164,0,1,1,1,1,1,0,0.000227
1189011612,S_Yudha01,164,0,1,1,1,1,1,0,0.000227
1582771761288212480,ynta54273193,164,0,1,1,1,1,1,0,0.000227
1080058189733720064,Saphirrr_,164,0,1,1,1,1,1,0,0.000227
1248366425627963392,wakndhuz,164,0,1,1,1,1,1,0,0.000227
1400011957290168331,allabout29_,164,0,1,1,1,1,1,0,0.000227
1440057042,thiny_x,164,0,1,1,1,1,1,0,0.000227
539846785,theycallmenha,164,0,1,1,1,1,1,0,0.000227
